YEAR,TICKER,MACRO_SECTOR,RET_ANNUAL_VALID
2018,DTCY3,COMMUNICATION,-0.0029414901316299
2018,JPSA3,COMMUNICATION,-0.0883999999999998
2018,SEDU3,COMMUNICATION,0.4905149051490522
2018,SLED3,COMMUNICATION,-0.467231920199501
2018,SLED4,COMMUNICATION,-0.4858490566037741
2018,TIMP3,COMMUNICATION,-0.0954198473282443
2018,VLID3,COMMUNICATION,-0.0291262135922345
2018,ABEV3,CONSUMER,-0.2772556390977457
2018,ALPA3,CONSUMER,-0.0399061032863835
2018,ALPA4,CONSUMER,-0.024641833810887
2018,ALSC3,CONSUMER,0.0598669623059873
2018,ANIM3,CONSUMER,-0.3992932862190821
2018,ARZZ3,CONSUMER,0.0065813528336378
2018,BAUH4,CONSUMER,0.7419508388607108
2018,BEEF3,CONSUMER,-0.5314553990610329
2018,BKBR3,CONSUMER,0.1817142857142852
2018,BMKS3,CONSUMER,-0.2221210565063492
2018,BRDT3,CONSUMER,0.502923976608185
2018,BRFS3,CONSUMER,-0.4008196721311479
2018,BRML3,CONSUMER,0.0267085624509038
2018,BSEV3,CONSUMER,-0.3215077605321512
2018,CAMB4,CONSUMER,2.569449491279072
2018,CEDO4,CONSUMER,-0.123416770233053
2018,CGRA4,CONSUMER,-0.174247725682295
2018,CREM3,CONSUMER,-0.0528935631262931
2018,CRFB3,CONSUMER,0.1862295081967204
2018,CSAN3,CONSUMER,-0.1937349397590373
2018,CTKA4,CONSUMER,0.2186379928315409
2018,DOHL4,CONSUMER,0.5128004839685418
2018,ESTC3,CONSUMER,-0.2760511882998167
2018,ESTR4,CONSUMER,0.1755094228391536
2018,FRTA3,CONSUMER,-0.3530092592592591
2018,GRND3,CONSUMER,-0.7117750439367301
2018,GUAR3,CONSUMER,0.0835777126099706
2018,GUAR4,CONSUMER,0.144214285714286
2018,HGTX3,CONSUMER,0.1412958626073368
2018,HOOT4,CONSUMER,-0.2899628252788104
2018,IGTA3,CONSUMER,0.0561056105610564
2018,JBDU3,CONSUMER,-0.6715976331360953
2018,JBSS3,CONSUMER,0.1814475025484192
2018,LLIS3,CONSUMER,-0.1753846153846149
2018,LREN3,CONSUMER,0.1947027331642727
2018,MDIA3,CONSUMER,-0.1785028790786946
2018,MGLU3,CONSUMER,1.257167788581405
2018,MNDL3,CONSUMER,0.1414354967609694
2018,MNPR3,CONSUMER,-0.2000000000000001
2018,MPLU3,CONSUMER,-0.2814285714285701
2018,MRFG3,CONSUMER,-0.2540983606557377
2018,NUTR3,CONSUMER,0.2674418604651161
2018,OFSA3,CONSUMER,0.4041666666666663
2018,PCAR4,CONSUMER,0.0259723805903959
2018,PTNT4,CONSUMER,-0.0999999999999998
2018,SEER3,CONSUMER,-0.5031948881789138
2018,SHOW3,CONSUMER,0.004081632653061
2018,SLCE3,CONSUMER,0.5695538057742764
2018,SMLS3,CONSUMER,-0.4233201581027669
2018,SMTO3,CONSUMER,-0.0575129533678768
2018,SSBR3,CONSUMER,0.016568047337278
2018,TECN3,CONSUMER,-0.3070422535211261
2018,TEKA4,CONSUMER,-0.0892442490212717
2018,TESA3,CONSUMER,-0.1779717931497647
2018,TXRX4,CONSUMER,0.0112478362375831
2018,UGPA3,CONSUMER,-0.2906666666666659
2018,VULC3,CONSUMER,-0.2197802197802207
2018,VVAR11,CONSUMER,-0.4041683694319566
2018,VVAR3,CONSUMER,-0.4464060529634299
2018,VVAR4,CONSUMER,-0.4238095238095241
2018,OGXP3,ENERGY,-0.5238095238095242
2018,PETR3,ENERGY,0.5020697811945591
2018,PETR4,ENERGY,0.4086956521739138
2018,QGEP3,ENERGY,-0.1302325581395365
2018,ABCB4,FINANCIALS,-0.0174621653084985
2018,BAZA3,FINANCIALS,0.0061793721973091
2018,BBDC3,FINANCIALS,0.0558328134747332
2018,BBDC4,FINANCIALS,0.141802067946825
2018,BBSE3,FINANCIALS,-0.0315900315900327
2018,BEES3,FINANCIALS,0.1440443213296387
2018,BEES4,FINANCIALS,0.1067708333333321
2018,BGIP3,FINANCIALS,0.0595757090434065
2018,BGIP4,FINANCIALS,-0.0136148930258381
2018,BIDI4,FINANCIALS,1.0972826086956524
2018,BMEB3,FINANCIALS,-0.0598062953995143
2018,BMEB4,FINANCIALS,0.4051896207584808
2018,BMIN4,FINANCIALS,-0.3505260419375904
2018,BNBR3,FINANCIALS,0.0798929123220937
2018,BRGE12,FINANCIALS,1.3062936694389429
2018,BRGE3,FINANCIALS,0.5545065990406428
2018,BRIV3,FINANCIALS,-0.0297915796946754
2018,BRIV4,FINANCIALS,0.0383386581469658
2018,BRSR3,FINANCIALS,-0.1776460254721121
2018,BRSR5,FINANCIALS,1.0962874151894058
2018,BRSR6,FINANCIALS,0.4885906040268426
2018,BVMF3,FINANCIALS,0.1163301141352057
2018,CRIV3,FINANCIALS,0.3831965576844609
2018,CRIV4,FINANCIALS,0.1959879211614856
2018,CSAB3,FINANCIALS,-0.1748552789731484
2018,HBTS5,FINANCIALS,0.0554117251877912
2018,IDVL3,FINANCIALS,-0.2007155726935403
2018,IDVL4,FINANCIALS,-0.4273504273504278
2018,ITUB3,FINANCIALS,-0.2027062881400909
2018,ITUB4,FINANCIALS,-0.166275246594646
2018,MERC4,FINANCIALS,0.1633195465288432
2018,PINE4,FINANCIALS,-0.3685714285714296
2018,PSSA3,FINANCIALS,0.4354527938342962
2018,RPAD3,FINANCIALS,0.1488296681138543
2018,RPAD5,FINANCIALS,0.0646407285942054
2018,RPAD6,FINANCIALS,0.4716753284190735
2018,TRPN3,FINANCIALS,-0.2833333333333334
2018,WIZS3,FINANCIALS,-0.4018771331058022
2018,AALR3,HEALTHCARE,-0.1006756756756753
2018,BIOM3,HEALTHCARE,-0.1400000000000009
2018,BPHA3,HEALTHCARE,-0.587912087912088
2018,DASA3,HEALTHCARE,-0.0181818181818179
2018,FLRY3,HEALTHCARE,-0.3319824383654158
2018,GNDI3,HEALTHCARE,0.4360493827160487
2018,HYPE3,HEALTHCARE,-0.1611111111111112
2018,NATU3,HEALTHCARE,0.3611615245009079
2018,ODPV3,HEALTHCARE,-0.1357636706473907
2018,PARD3,HEALTHCARE,-0.4401197604790419
2018,AZEV4,INDUSTRIALS,-0.7625187699941242
2018,AZUL4,INDUSTRIALS,0.3382899628252767
2018,BBRK3,INDUSTRIALS,5.363636363636371
2018,BDLL4,INDUSTRIALS,-0.3628491470009269
2018,CCRO3,INDUSTRIALS,-0.3065015479876162
2018,CRDE3,INDUSTRIALS,12.47972972972974
2018,DIRR3,INDUSTRIALS,0.3274336283185839
2018,DTEX3,INDUSTRIALS,0.2858695652173924
2018,ECOR3,INDUSTRIALS,-0.2373983739837409
2018,EMBR3,INDUSTRIALS,0.0839999999999987
2018,ETER3,INDUSTRIALS,2.043478260869557
2018,EUCA4,INDUSTRIALS,0.091139240506328
2018,EZTC3,INDUSTRIALS,0.1556581986143186
2018,FJTA3,INDUSTRIALS,1.4690721649484524
2018,FJTA4,INDUSTRIALS,0.8837209302325568
2018,FRAS3,INDUSTRIALS,-0.1417910447761208
2018,FRIO3,INDUSTRIALS,0.5035895389914378
2018,IGBR3,INDUSTRIALS,-0.5567959880455595
2018,INEP3,INDUSTRIALS,1.2546007609376906
2018,JFEN3,INDUSTRIALS,-0.4265958343873854
2018,JHSF3,INDUSTRIALS,0.0971428571428574
2018,JSLG3,INDUSTRIALS,-0.1551515151515138
2018,LCAM3,INDUSTRIALS,0.9635416666666644
2018,LEVE3,INDUSTRIALS,0.0523669878508601
2018,LOGN3,INDUSTRIALS,1.2285714285714295
2018,LPSB3,INDUSTRIALS,0.1305903398926657
2018,LUPA3,INDUSTRIALS,-0.36896551724138
2018,MEND5,INDUSTRIALS,2.201310216342681
2018,MEND6,INDUSTRIALS,4.527152189476196
2018,MILS3,INDUSTRIALS,0.0388349514563084
2018,MULT3,INDUSTRIALS,0.0327984860116772
2018,MYPK3,INDUSTRIALS,0.0352173913043485
2018,PDGR3,INDUSTRIALS,-0.5110132158590314
2018,POMO3,INDUSTRIALS,0.0124223602484452
2018,POMO4,INDUSTRIALS,0.0225563909774442
2018,PRML3,INDUSTRIALS,0.0078740157480321
2018,PTBL3,INDUSTRIALS,-0.0546448087431685
2018,RAIL3,INDUSTRIALS,0.3107170393215104
2018,RAPT3,INDUSTRIALS,0.2933333333333332
2018,RAPT4,INDUSTRIALS,0.2914923291492315
2018,RCSL3,INDUSTRIALS,-0.6145211414977045
2018,RCSL4,INDUSTRIALS,0.8472222222222217
2018,RDNI3,INDUSTRIALS,-0.1056910569105711
2018,RENT3,INDUSTRIALS,0.3485947416137809
2018,RLOG3,INDUSTRIALS,0.406250000000002
2018,ROMI3,INDUSTRIALS,0.0948051948051942
2018,RSID3,INDUSTRIALS,-0.2628650904033375
2018,SPRI3,INDUSTRIALS,0.2965678031896097
2018,STBP3,INDUSTRIALS,0.2477876106194689
2018,TCNO3,INDUSTRIALS,-0.4710144927536231
2018,TCNO4,INDUSTRIALS,-0.4280701754385968
2018,TCSA3,INDUSTRIALS,-0.2961165048543681
2018,TEND3,INDUSTRIALS,0.6044999999999991
2018,TGMA3,INDUSTRIALS,0.3881877839475034
2018,TPIS3,INDUSTRIALS,-0.535714285714286
2018,WEGE3,INDUSTRIALS,-0.2725010369141442
2018,WHRL3,INDUSTRIALS,-0.075268817204302
2018,WHRL4,INDUSTRIALS,0.0220440881763543
2018,WLMM3,INDUSTRIALS,0.3157596471027504
2018,WLMM4,INDUSTRIALS,-0.0267292644757433
2018,BALM4,MATERIALS,0.7670595725264622
2018,BRAP3,MATERIALS,0.1847957945814784
2018,BRAP4,MATERIALS,0.1034122562674086
2018,BRKM3,MATERIALS,0.0462068965517261
2018,BRKM5,MATERIALS,0.1052017728014922
2018,CCXC3,MATERIALS,4.825396825396815
2018,CRPG3,MATERIALS,0.7538662675127772
2018,CRPG5,MATERIALS,1.2280254777070023
2018,CRPG6,MATERIALS,1.1307692307692283
2018,EALT3,MATERIALS,0.2443186158858548
2018,EALT4,MATERIALS,-0.87
2018,ELEK3,MATERIALS,0.2775163906622055
2018,ELEK4,MATERIALS,0.5365582483613482
2018,FBMC4,MATERIALS,0.1014364174059994
2018,FESA3,MATERIALS,0.3009608201955958
2018,FESA4,MATERIALS,-0.0009770395701024
2018,FHER3,MATERIALS,0.7647058823529387
2018,FIBR3,MATERIALS,0.4127481713688601
2018,GGBR3,MATERIALS,0.1803278688524598
2018,GGBR4,MATERIALS,0.1970920840064645
2018,GOAU3,MATERIALS,0.4499017681728874
2018,GOAU4,MATERIALS,0.1986183074265961
2018,GPCP3,MATERIALS,-0.4243723208818123
2018,HETA4,MATERIALS,-0.1218678324933404
2018,KEPL3,MATERIALS,-0.2360471070148494
2018,KLBN11,MATERIALS,-0.0977272727272713
2018,MAGG3,MATERIALS,0.0952380952380944
2018,MGEL4,MATERIALS,0.2791262135922325
2018,MMXM3,MATERIALS,-0.2736486486486508
2018,MTSA4,MATERIALS,-0.0829721362229102
2018,MWET4,MATERIALS,0.5182989712141719
2018,PATI3,MATERIALS,0.1571892978470692
2018,PATI4,MATERIALS,0.1723701830084809
2018,PMAM3,MATERIALS,-0.1194968553459121
2018,RANI3,MATERIALS,0.5191054281307519
2018,RANI4,MATERIALS,0.2934756214315888
2018,RSUL4,MATERIALS,-0.2065194377299323
2018,SHUL4,MATERIALS,0.014513788098694
2018,SNSY5,MATERIALS,2.004041167668116
2018,SUZB3,MATERIALS,1.0374531835206002
2018,TUPY3,MATERIALS,0.1041095890410943
2018,UNIP3,MATERIALS,1.2495500899820011
2018,UNIP5,MATERIALS,1.290519877675838
2018,UNIP6,MATERIALS,1.325552050473187
2018,USIM3,MATERIALS,0.0563250230840259
2018,USIM5,MATERIALS,0.0131868131868131
2018,VALE3,MATERIALS,0.2667660208643834
2018,IDNT3,TECHNOLOGY,-0.4292589027911448
2018,LINX3,TECHNOLOGY,0.5219421101774053
2018,LIQO3,TECHNOLOGY,-0.8037383177570097
2018,POSI3,TECHNOLOGY,-0.2797427652733126
2018,SNSL3,TECHNOLOGY,-0.0517047583364571
2018,TOTS3,TECHNOLOGY,-0.0916694546671119
2018,AELP3,UTILITIES,-0.6147704590818365
2018,AFLT3,UTILITIES,0.2812678360256588
2018,CBEE3,UTILITIES,-0.2044768872611058
2018,CEBR3,UTILITIES,0.0736990719534158
2018,CEBR5,UTILITIES,0.4234908747822674
2018,CEBR6,UTILITIES,0.2868984271020387
2018,CEEB3,UTILITIES,0.1850392656769104
2018,CEED4,UTILITIES,0.5014855434678451
2018,CELP3,UTILITIES,0.2944444444444434
2018,CEPE5,UTILITIES,0.0536568618705974
2018,CESP3,UTILITIES,0.8856885688568854
2018,CESP5,UTILITIES,0.0107195022970902
2018,CESP6,UTILITIES,0.65151515151515
2018,CGAS3,UTILITIES,0.1252955082742319
2018,CGAS5,UTILITIES,-0.0208333333333338
2018,CLSC3,UTILITIES,0.4230078718409047
2018,CLSC4,UTILITIES,0.8402214022140235
2018,CMIG3,UTILITIES,1.3447737909516393
2018,CMIG4,UTILITIES,1.0174672489082974
2018,COCE5,UTILITIES,-0.1232876712328757
2018,CPFE3,UTILITIES,0.4909560723514174
2018,CPLE3,UTILITIES,0.3925233644859809
2018,CPLE6,UTILITIES,0.2244488977955903
2018,CPRE3,UTILITIES,0.2097378277153561
2018,CSMG3,UTILITIES,0.4180686794192212
2018,CSRN3,UTILITIES,0.1512525049424782
2018,EEEL3,UTILITIES,0.3909261223533409
2018,EEEL4,UTILITIES,0.5395190488629029
2018,EGIE3,UTILITIES,-0.0701210926499568
2018,ELPL3,UTILITIES,0.9143730886850148
2018,EMAE4,UTILITIES,1.0076923076923054
2018,ENBR3,UTILITIES,0.0535714285714283
2018,ENGI11,UTILITIES,0.3589743589743601
2018,ENGI3,UTILITIES,-0.1734693877551025
2018,ENGI4,UTILITIES,0.6518749669434603
2018,ENMA3B,UTILITIES,0.5627318069230733
2018,ENMT3,UTILITIES,0.6237270781547797
2018,ENMT4,UTILITIES,0.8271469575806545
2018,EQTL3,UTILITIES,0.135719725818733
2018,GEPA3,UTILITIES,-0.1512144162966816
2018,GEPA4,UTILITIES,-0.0402515723270452
2018,LIGT3,UTILITIES,-0.0113840623127629
2018,LIPR3,UTILITIES,0.1277315704460353
2018,OMGE3,UTILITIES,-0.0028571428571398
2018,REDE3,UTILITIES,1.3931034482758604
2018,RNEW11,UTILITIES,-0.767941616171002
2018,SAPR11,UTILITIES,0.026711185308849
2018,SAPR3,UTILITIES,0.3623070674248583
2018,SAPR4,UTILITIES,-0.0854700854700857
2018,SBSP3,UTILITIES,-0.0824351878823179
2018,TAEE11,UTILITIES,0.1059044048734767
2018,TAEE3,UTILITIES,0.1846153846153846
2018,TAEE4,UTILITIES,0.1176470588235283
2018,TIET11,UTILITIES,-0.2141176470588229
2018,TRPL3,UTILITIES,0.1721966989960863
2018,TRPL4,UTILITIES,0.0340807174887896
2019,DTCY3,COMMUNICATION,0.8842957395063225
2019,JPSA3,COMMUNICATION,0.6586222027204922
2019,SEDU3,COMMUNICATION,0.0818181818181824
2019,SLED3,COMMUNICATION,1.1363636363636394
2019,SLED4,COMMUNICATION,-0.4023009766203016
2019,TIMP3,COMMUNICATION,0.3223628691983127
2019,VIVT3,COMMUNICATION,0.1876967788810841
2019,VIVT4,COMMUNICATION,0.2541639627947207
2019,VLID3,COMMUNICATION,-0.0566666666666666
2019,ABEV3,CONSUMER,0.2139141742522763
2019,AGRO3,CONSUMER,0.2184497117232542
2019,AHEB3,CONSUMER,1.322977125445982
2019,ALPA3,CONSUMER,0.6858190709046479
2019,ALPA4,CONSUMER,0.9506462984723848
2019,ALSC3,CONSUMER,0.451359832635982
2019,ALSO3,CONSUMER,0.4325714285714332
2019,ANIM3,CONSUMER,0.7523529411764693
2019,ARZZ3,CONSUMER,0.1623683254631311
2019,BAHI3,CONSUMER,-0.2982733812949644
2019,BAUH4,CONSUMER,3.116094986807391
2019,BEEF3,CONSUMER,1.573146292585169
2019,BKBR3,CONSUMER,-0.1402321083172135
2019,BMKS3,CONSUMER,0.0084601724372945
2019,BRDT3,CONSUMER,0.1700389105058375
2019,BRFS3,CONSUMER,0.6051071591427253
2019,BRML3,CONSUMER,0.3817903596021386
2019,BSEV3,CONSUMER,-0.0751633986928103
2019,BTOW3,CONSUMER,0.4959543074726327
2019,CAMB4,CONSUMER,1.3442764336917556
2019,CAML3,CONSUMER,0.2780141843971637
2019,CEAB3,CONSUMER,0.0546737213403873
2019,CEDO3,CONSUMER,-0.2130887544507457
2019,CEDO4,CONSUMER,0.376450950179765
2019,CGRA4,CONSUMER,0.2542372881355947
2019,CNTO3,CONSUMER,1.8601626016260144
2019,COGN3,CONSUMER,0.0732394366197184
2019,CRFB3,CONSUMER,0.2907683803206187
2019,CSAN3,CONSUMER,1.0791990436341918
2019,CTKA3,CONSUMER,0.4876859731002816
2019,CTKA4,CONSUMER,2.7941176470588265
2019,CTNM3,CONSUMER,0.5195026175542448
2019,CTNM4,CONSUMER,0.3832417582417584
2019,CTSA3,CONSUMER,0.3675213675213704
2019,CVCB3,CONSUMER,-0.2840797646289636
2019,DOHL4,CONSUMER,-0.0269230769230756
2019,ECPR3,CONSUMER,0.179313382078792
2019,ESTR4,CONSUMER,2.2799928409259085
2019,FRTA3,CONSUMER,8.360465116279068
2019,GRND3,CONSUMER,0.4975609756097552
2019,GSHP3,CONSUMER,-0.5744680851063828
2019,GUAR3,CONSUMER,0.1675431275473415
2019,HGTX3,CONSUMER,0.1641586867305051
2019,HOOT4,CONSUMER,0.2303664921465951
2019,IGTA3,CONSUMER,0.2716346153846158
2019,JBDU3,CONSUMER,-0.6696696696696698
2019,JBSS3,CONSUMER,1.226056945642798
2019,LAME3,CONSUMER,0.3107119095143065
2019,LAME4,CONSUMER,0.3152284263959399
2019,LLIS3,CONSUMER,-0.3656716417910449
2019,LREN3,CONSUMER,0.3252358490565994
2019,MDIA3,CONSUMER,-0.1086448598130829
2019,MGLU3,CONSUMER,-0.7365659689622795
2019,MNDL3,CONSUMER,0.3011111111111104
2019,MNPR3,CONSUMER,1.58771929824561
2019,MPLU3,CONSUMER,0.0656063618290245
2019,OFSA3,CONSUMER,0.2759643916913938
2019,PCAR3,CONSUMER,0.2307460661340852
2019,PFRM3,CONSUMER,0.6463104325699764
2019,PNVL3,CONSUMER,0.9002238560387568
2019,PNVL4,CONSUMER,1.025911999999999
2019,RADL3,CONSUMER,0.9534558180227476
2019,SEER3,CONSUMER,0.7845659163987113
2019,SGPS3,CONSUMER,0.7811594202898537
2019,SHOW3,CONSUMER,-0.1531165311653129
2019,SLCE3,CONSUMER,-0.4075489727663641
2019,SMLS3,CONSUMER,-0.1028101439342034
2019,SMTO3,CONSUMER,0.3040131940626733
2019,TECN3,CONSUMER,0.4634146341463434
2019,TEKA3,CONSUMER,0.445973180913453
2019,TEKA4,CONSUMER,-0.0445259661544406
2019,TESA3,CONSUMER,0.7973856209150323
2019,TXRX4,CONSUMER,1.0397727272727253
2019,VIVA3,CONSUMER,0.2077975943591863
2019,VULC3,CONSUMER,0.2957746478873235
2019,VVAR3,CONSUMER,1.5444191343963571
2019,YDUQ3,CONSUMER,0.3824214202561107
2019,ENAT3,ENERGY,0.0928961748633876
2019,PETR3,ENERGY,0.2598425196850413
2019,PETR4,ENERGY,0.3306878306878338
2019,PRIO3,ENERGY,2.287651772015229
2019,UGPA3,ENERGY,-0.5210526315789477
2019,ABCB4,FINANCIALS,0.1960900473933642
2019,APER3,FINANCIALS,0.611111111111112
2019,BAZA3,FINANCIALS,0.6757436112274813
2019,BBAS3,FINANCIALS,0.1361583136158297
2019,BBDC3,FINANCIALS,0.0064992614475607
2019,BBDC4,FINANCIALS,-0.0641655886157828
2019,BBSE3,FINANCIALS,0.3664371148967014
2019,BEES3,FINANCIALS,0.5254237288135588
2019,BEES4,FINANCIALS,0.5929411764705885
2019,BGIP3,FINANCIALS,0.6030174792727192
2019,BGIP4,FINANCIALS,0.08917668803969
2019,BIDI11,FINANCIALS,0.0918247833216212
2019,BIDI3,FINANCIALS,-0.4879227053140094
2019,BIDI4,FINANCIALS,-0.5936771184244618
2019,BMEB3,FINANCIALS,0.8526912181303117
2019,BMEB4,FINANCIALS,0.8409090909090922
2019,BMGB11,FINANCIALS,-0.2695652173913041
2019,BMIN3,FINANCIALS,0.0947992225468885
2019,BMIN4,FINANCIALS,0.4284495550359801
2019,BNBR3,FINANCIALS,1.1959023134743054
2019,BPAN4,FINANCIALS,4.435897435897435
2019,BRGE11,FINANCIALS,1.3912751954053242
2019,BRGE12,FINANCIALS,2.135392087981447
2019,BRGE3,FINANCIALS,0.127197007575422
2019,BRGE5,FINANCIALS,0.5957043447442065
2019,BRGE6,FINANCIALS,-0.1592292899589171
2019,BRGE8,FINANCIALS,0.3646170442286944
2019,BRIV3,FINANCIALS,0.6692015209125495
2019,BRIV4,FINANCIALS,0.3692307692307688
2019,BRSR3,FINANCIALS,0.074766355140188
2019,BRSR5,FINANCIALS,0.2405880096061847
2019,BRSR6,FINANCIALS,-0.0238954012623988
2019,CIEL3,FINANCIALS,-0.0584926884139499
2019,CRIV3,FINANCIALS,0.3150738853261319
2019,CRIV4,FINANCIALS,0.2920353982300898
2019,CSAB3,FINANCIALS,0.1002133956438182
2019,CSAB4,FINANCIALS,0.043836163504684
2019,HBTS5,FINANCIALS,0.1500270092325799
2019,IDVL3,FINANCIALS,-0.704785836849551
2019,IDVL4,FINANCIALS,5.417910447761186
2019,IRBR3,FINANCIALS,0.390112798400565
2019,ITUB3,FINANCIALS,0.0658901830282867
2019,ITUB4,FINANCIALS,0.0450704225352098
2019,MERC4,FINANCIALS,0.0517405928487688
2019,PINE4,FINANCIALS,0.9004524886877854
2019,PSSA3,FINANCIALS,0.2030680728667278
2019,QUAL3,FINANCIALS,1.8782001551590315
2019,RPAD3,FINANCIALS,1.5291014125602165
2019,RPAD5,FINANCIALS,0.474801182919919
2019,RPAD6,FINANCIALS,1.6147735999043369
2019,SANB11,FINANCIALS,0.159718969555036
2019,TRPN3,FINANCIALS,-0.6697674418604647
2019,WIZS3,FINANCIALS,1.0142653352353783
2019,AALR3,HEALTHCARE,0.364387678437265
2019,BIOM3,HEALTHCARE,0.5177478580171393
2019,BOBR4,HEALTHCARE,-0.2213740458015272
2019,BPHA3,HEALTHCARE,-0.5866666666666669
2019,DASA3,HEALTHCARE,1.3819933156787725
2019,FLRY3,HEALTHCARE,0.5434782608695661
2019,GNDI3,HEALTHCARE,1.3469738651994485
2019,HAPV3,HEALTHCARE,1.0480769230769251
2019,HYPE3,HEALTHCARE,0.1817880794701989
2019,NATU3,HEALTHCARE,-0.1808888888888878
2019,ODPV3,HEALTHCARE,0.2269090909090931
2019,PARD3,HEALTHCARE,0.4556149732620342
2019,AZEV4,INDUSTRIALS,1.7924697445091873
2019,AZUL4,INDUSTRIALS,0.618888888888887
2019,BBRK3,INDUSTRIALS,-0.0634920634920621
2019,BDLL4,INDUSTRIALS,-0.5255731922398588
2019,CCPR3,INDUSTRIALS,1.920689655172416
2019,CCRO3,INDUSTRIALS,0.694642857142854
2019,CRDE3,INDUSTRIALS,0.1811940413213602
2019,CYRE3,INDUSTRIALS,0.9191984486102168
2019,DIRR3,INDUSTRIALS,1.0000000000000029
2019,DTEX3,INDUSTRIALS,0.4133558748943375
2019,ECOR3,INDUSTRIALS,0.7377398720682307
2019,EMBR3,INDUSTRIALS,-0.0899446494464945
2019,ETER3,INDUSTRIALS,0.5214285714285731
2019,EUCA3,INDUSTRIALS,7.193210650887208
2019,EUCA4,INDUSTRIALS,0.9257540603248242
2019,EVEN3,INDUSTRIALS,1.5933333333333335
2019,EZTC3,INDUSTRIALS,1.074340527577938
2019,FRAS3,INDUSTRIALS,0.2391304347826104
2019,FRIO3,INDUSTRIALS,0.0905471222140166
2019,GOLL4,INDUSTRIALS,0.4661354581673309
2019,HBOR3,INDUSTRIALS,2.01324503311258
2019,IGBR3,INDUSTRIALS,-0.4029207479668312
2019,INEP3,INDUSTRIALS,0.4036036036036015
2019,JFEN3,INDUSTRIALS,-0.2205882352941173
2019,JHSF3,INDUSTRIALS,2.713541666666669
2019,JSLG3,INDUSTRIALS,2.8407460545193706
2019,LCAM3,INDUSTRIALS,0.7745268275742334
2019,LEVE3,INDUSTRIALS,0.146496815286625
2019,LOGG3,INDUSTRIALS,0.8013318534961142
2019,LOGN3,INDUSTRIALS,1.6794871794871766
2019,LPSB3,INDUSTRIALS,0.507911392405064
2019,LUPA3,INDUSTRIALS,0.0491803278688505
2019,MEND5,INDUSTRIALS,0.2351349280753152
2019,MEND6,INDUSTRIALS,3.056616276923428
2019,MILS3,INDUSTRIALS,1.4415887850467315
2019,MOVI3,INDUSTRIALS,1.2232558139534868
2019,MRVE3,INDUSTRIALS,0.7435275080906134
2019,MULT3,INDUSTRIALS,0.361579596873713
2019,MYPK3,INDUSTRIALS,-0.0180596388072242
2019,PDGR3,INDUSTRIALS,-0.2689352465471876
2019,POMO3,INDUSTRIALS,0.3619631901840516
2019,POMO4,INDUSTRIALS,0.1029411764705867
2019,PTBL3,INDUSTRIALS,0.0346820809248553
2019,RAIL3,INDUSTRIALS,0.535294117647058
2019,RAPT3,INDUSTRIALS,0.6421207658321055
2019,RAPT4,INDUSTRIALS,0.4470842332613369
2019,RCSL3,INDUSTRIALS,-0.3141486810551552
2019,RCSL4,INDUSTRIALS,0.3233082706766919
2019,RDNI3,INDUSTRIALS,1.8654545454545413
2019,RENT3,INDUSTRIALS,0.5936134453781496
2019,RLOG3,INDUSTRIALS,0.7777777777777761
2019,ROMI3,INDUSTRIALS,1.0818505338078324
2019,RSID3,INDUSTRIALS,0.7207547169811301
2019,SPRI3,INDUSTRIALS,-0.5931872602076297
2019,SPRI5,INDUSTRIALS,-0.2690800391822291
2019,SPRI6,INDUSTRIALS,-0.4437642733718457
2019,STBP3,INDUSTRIALS,0.933806146572104
2019,TASA3,INDUSTRIALS,0.0428571428571427
2019,TASA4,INDUSTRIALS,0.2028112449799193
2019,TCNO3,INDUSTRIALS,0.0273972602739724
2019,TCNO4,INDUSTRIALS,-0.0281754146784817
2019,TCSA3,INDUSTRIALS,0.2620689655172394
2019,TEND3,INDUSTRIALS,-0.0592084761607981
2019,TGMA3,INDUSTRIALS,0.3690909090909067
2019,TOYB3,INDUSTRIALS,0.2911800241643176
2019,TOYB4,INDUSTRIALS,0.3812154696132608
2019,TPIS3,INDUSTRIALS,0.0833333333333341
2019,UCAS3,INDUSTRIALS,0.7844522968197878
2019,VIVR3,INDUSTRIALS,4.446808510638297
2019,WEGE3,INDUSTRIALS,0.9760547320410512
2019,WHRL3,INDUSTRIALS,1.318604651162791
2019,WHRL4,INDUSTRIALS,1.0098039215686296
2019,WLMM3,INDUSTRIALS,1.2515643210445797
2019,WLMM4,INDUSTRIALS,1.6173570019723795
2019,BALM4,MATERIALS,-0.004277809411181
2019,BRAP3,MATERIALS,0.2071672354948794
2019,BRAP4,MATERIALS,0.2079520353423787
2019,BRKM3,MATERIALS,-0.3069655020874542
2019,BRKM5,MATERIALS,-0.3699873364288737
2019,CCXC3,MATERIALS,-0.4659400544959134
2019,CRPG3,MATERIALS,-0.1716366050271742
2019,CRPG5,MATERIALS,-0.2844482561463697
2019,CRPG6,MATERIALS,-0.2490974729241872
2019,EALT3,MATERIALS,-0.1374846884422443
2019,EALT4,MATERIALS,0.5268065268065254
2019,ELEK3,MATERIALS,0.9318088998462684
2019,ELEK4,MATERIALS,0.382072568858278
2019,FESA3,MATERIALS,0.40995924018367
2019,FESA4,MATERIALS,-0.0215158924205385
2019,FHER3,MATERIALS,-0.197777777777777
2019,GGBR3,MATERIALS,0.3978758169934633
2019,GGBR4,MATERIALS,0.3495276653171386
2019,GOAU3,MATERIALS,0.1720867208672087
2019,GOAU4,MATERIALS,0.3371757925072034
2019,GPCP3,MATERIALS,3.2446808510638334
2019,HETA4,MATERIALS,0.4320599220574415
2019,KEPL3,MATERIALS,0.9738605898123304
2019,KLBN11,MATERIALS,0.1593198992443352
2019,MGEL4,MATERIALS,0.5768500948766606
2019,MMXM3,MATERIALS,0.1860465116279073
2019,MTSA4,MATERIALS,0.5860904794058048
2019,MWET4,MATERIALS,1.6052171574559635
2019,NAFG4,MATERIALS,0.3344131102077345
2019,PATI3,MATERIALS,0.3969207125498286
2019,PMAM3,MATERIALS,0.3180788400543737
2019,RANI3,MATERIALS,0.3559322033898269
2019,RANI4,MATERIALS,0.5636363636363642
2019,RSUL4,MATERIALS,0.3676545031330889
2019,SHUL4,MATERIALS,0.4492131616595129
2019,SNSY5,MATERIALS,1.4240834632563075
2019,SUZB3,MATERIALS,0.0420168067226895
2019,TUPY3,MATERIALS,0.2555831265508681
2019,UNIP3,MATERIALS,-0.0453333333333328
2019,UNIP5,MATERIALS,-0.0400534045393864
2019,UNIP6,MATERIALS,-0.0311991318502445
2019,USIM3,MATERIALS,-0.1372377622377631
2019,USIM5,MATERIALS,0.031453362255964
2019,USIM6,MATERIALS,0.4546581897886437
2019,VALE3,MATERIALS,0.0450980392156858
2019,IDNT3,TECHNOLOGY,-0.4519392917369301
2019,ITEC3,TECHNOLOGY,-0.1456923736483588
2019,LINX3,TECHNOLOGY,0.0865030674846627
2019,LIQO3,TECHNOLOGY,-0.6824999999999999
2019,POSI3,TECHNOLOGY,3.549107142857141
2019,SQIA3,TECHNOLOGY,2.5933101506871994
2019,TOTS3,TECHNOLOGY,1.3775322283609637
2019,AFLT3,UTILITIES,-0.6637096280041164
2019,ALUP11,UTILITIES,0.5057283142389515
2019,CBEE3,UTILITIES,-0.1417394705101849
2019,CEBR3,UTILITIES,1.1708821338020448
2019,CEBR5,UTILITIES,1.0493991453777975
2019,CEBR6,UTILITIES,0.9042819108102382
2019,CEEB3,UTILITIES,0.5168215595492958
2019,CELP3,UTILITIES,0.1974248927038651
2019,CELP5,UTILITIES,0.1435907799918325
2019,CELP6,UTILITIES,-0.3320726607241646
2019,CELP7,UTILITIES,0.7999126436023778
2019,CEPE5,UTILITIES,0.1009098077464754
2019,CESP3,UTILITIES,0.5513126491646754
2019,CESP5,UTILITIES,0.3223359781437289
2019,CESP6,UTILITIES,0.4651376146789012
2019,CGAS3,UTILITIES,1.3089851325145454
2019,CGAS5,UTILITIES,1.4248510638297835
2019,CLSC4,UTILITIES,0.0326849809504703
2019,CMIG3,UTILITIES,0.0372588157019302
2019,CMIG4,UTILITIES,-0.0050505050505028
2019,COCE3,UTILITIES,0.1850980460819438
2019,COCE5,UTILITIES,0.3002083333333338
2019,CPFE3,UTILITIES,0.2322357019064127
2019,CPLE3,UTILITIES,1.318791946308723
2019,CPLE6,UTILITIES,1.2608837970540097
2019,CPRE3,UTILITIES,0.1455108359133121
2019,CSMG3,UTILITIES,0.104989436047457
2019,CSRN3,UTILITIES,0.2151582533933917
2019,EEEL3,UTILITIES,0.4218398914939878
2019,EEEL4,UTILITIES,0.5577951171790698
2019,EGIE3,UTILITIES,0.5384615384615399
2019,EKTR4,UTILITIES,0.102763898828057
2019,ELET3,UTILITIES,0.5600495253817559
2019,ELET5,UTILITIES,0.4067000364240334
2019,ELET6,UTILITIES,0.3574724884629041
2019,EMAE4,UTILITIES,1.021346469622333
2019,ENBR3,UTILITIES,0.4983050847457637
2019,ENEV3,UTILITIES,1.7153511497824767
2019,ENGI11,UTILITIES,0.4428571428571419
2019,ENGI3,UTILITIES,0.681481481481482
2019,ENGI4,UTILITIES,0.386612021857923
2019,ENMA3B,UTILITIES,0.4921441836446993
2019,ENMT3,UTILITIES,0.6277336164211118
2019,ENMT4,UTILITIES,0.6424287766640311
2019,EQTL3,UTILITIES,0.5186029718254666
2019,GEPA3,UTILITIES,0.3614284755496109
2019,GEPA4,UTILITIES,0.2456094364351222
2019,GPAR3,UTILITIES,-0.564480057568508
2019,LIGT3,UTILITIES,0.4399999999999995
2019,LIPR3,UTILITIES,0.2568280232367339
2019,OMGE3,UTILITIES,1.091690544412609
2019,REDE3,UTILITIES,0.2247838616714716
2019,RNEW11,UTILITIES,-0.4444444444444452
2019,SAPR11,UTILITIES,0.6491056910569151
2019,SAPR3,UTILITIES,0.0375670840787114
2019,SAPR4,UTILITIES,0.9700934579439292
2019,SBSP3,UTILITIES,0.9225396825396788
2019,TAEE11,UTILITIES,0.3211864406779636
2019,TAEE3,UTILITIES,0.2136953955135736
2019,TAEE4,UTILITIES,0.3815789473684197
2019,TIET11,UTILITIES,0.6037924151696616
2019,TRPL3,UTILITIES,-0.6005225722165775
2019,TRPL4,UTILITIES,-0.6736050881757736
2020,DTCY3,COMMUNICATION,0.5588689250860228
2020,JPSA3,COMMUNICATION,-0.3044973544973557
2020,PDTC3,COMMUNICATION,-0.0685714285714292
2020,SLED3,COMMUNICATION,-0.7574468085106387
2020,SLED4,COMMUNICATION,-0.7009345794392521
2020,TELB3,COMMUNICATION,-0.1277227722772291
2020,TELB4,COMMUNICATION,0.0622635018919857
2020,TIMP3,COMMUNICATION,-0.1410338225909376
2020,TIMS3,COMMUNICATION,0.1056603773584914
2020,VIVT3,COMMUNICATION,-0.0517944535073412
2020,VIVT4,COMMUNICATION,-0.2180062090375977
2020,VLID3,COMMUNICATION,-0.4469964664310953
2020,ABEV3,CONSUMER,-0.1617568291376536
2020,AGRO3,CONSUMER,0.3144058885383816
2020,AHEB3,CONSUMER,0.1094967964523638
2020,ALPA3,CONSUMER,0.3814358230601884
2020,ALPA4,CONSUMER,0.2650602409638554
2020,ALSO3,CONSUMER,-0.4182289589150382
2020,ANIM3,CONSUMER,0.2084592145015098
2020,ARZZ3,CONSUMER,0.0653124999999965
2020,BAHI3,CONSUMER,-0.113491900758663
2020,BAUH4,CONSUMER,0.2394871794871802
2020,BEEF3,CONSUMER,-0.2071651090342677
2020,BKBR3,CONSUMER,-0.3869516310461195
2020,BMKS3,CONSUMER,-0.0663708535739074
2020,BRDT3,CONSUMER,-0.2640505487196527
2020,BRFS3,CONSUMER,-0.3738636363636377
2020,BRML3,CONSUMER,-0.4518272425249168
2020,BSEV3,CONSUMER,0.8975265017667837
2020,BTOW3,CONSUMER,0.2028316894686603
2020,CAMB3,CONSUMER,-0.1722627737226258
2020,CAML3,CONSUMER,0.2286348501664823
2020,CEAB3,CONSUMER,-0.2814938684503903
2020,CEDO3,CONSUMER,0.1088149851388091
2020,CEDO4,CONSUMER,-0.3513824884792617
2020,CGRA4,CONSUMER,0.1824324324324344
2020,CNTO3,CONSUMER,-0.1552018192154635
2020,COGN3,CONSUMER,-0.5949256342957125
2020,CRFB3,CONSUMER,-0.169593147751607
2020,CSAN3,CONSUMER,0.0885439126060065
2020,CTKA3,CONSUMER,1.225199628774416
2020,CTKA4,CONSUMER,0.6286821705426358
2020,CTNM3,CONSUMER,0.0704727921498662
2020,CTNM4,CONSUMER,-0.4031777557100292
2020,CTSA3,CONSUMER,-0.6046874999999996
2020,CVCB3,CONSUMER,-0.5301369863013692
2020,DMVF3,CONSUMER,-0.1797175866495503
2020,DOHL3,CONSUMER,-0.1206258717933164
2020,DOHL4,CONSUMER,-0.3030303030303025
2020,ENJU3,CONSUMER,0.3063524590163931
2020,ESTR4,CONSUMER,-0.218947145522553
2020,FRTA3,CONSUMER,0.3047629451605846
2020,GMAT3,CONSUMER,-0.0648769574944069
2020,GRND3,CONSUMER,-0.3175895765472314
2020,GSHP3,CONSUMER,-0.365051020408164
2020,GUAR3,CONSUMER,-0.3838842975206613
2020,HGTX3,CONSUMER,-0.4955934195064633
2020,HOOT4,CONSUMER,0.199999999999997
2020,IGTA3,CONSUMER,-0.2977315689981079
2020,JBDU3,CONSUMER,-0.6227272727272731
2020,JBSS3,CONSUMER,-0.0829457364341081
2020,JOPA3,CONSUMER,0.2550571922058413
2020,LAME3,CONSUMER,0.0380710659898493
2020,LAME4,CONSUMER,0.0146661520648416
2020,LJQQ3,CONSUMER,0.2752150117279131
2020,LLIS3,CONSUMER,-0.7088235294117646
2020,LREN3,CONSUMER,-0.2251290265171737
2020,MDIA3,CONSUMER,-0.1072083879423321
2020,MEAL3,CONSUMER,-0.498809523809524
2020,MGLU3,CONSUMER,1.1257648632728818
2020,MNDL3,CONSUMER,-0.1595841296951449
2020,MNPR3,CONSUMER,0.1864406779661001
2020,NUTR3,CONSUMER,8.892979408337515
2020,OFSA3,CONSUMER,-0.1162790697674432
2020,PCAR3,CONSUMER,-0.1373563218390794
2020,PETZ3,CONSUMER,0.1402985074626856
2020,PFRM3,CONSUMER,-0.0571870170015463
2020,PNVL3,CONSUMER,-0.1117147707979612
2020,PNVL4,CONSUMER,0.142230731225297
2020,PTNT3,CONSUMER,-0.470166773693953
2020,PTNT4,CONSUMER,0.0868686868686867
2020,RADL3,CONSUMER,0.132941372296216
2020,SEER3,CONSUMER,-0.4371171171171158
2020,SGPS3,CONSUMER,-0.3661513425549235
2020,SHOW3,CONSUMER,-0.3647999999999999
2020,SLCE3,CONSUMER,0.1068548387096759
2020,SMLS3,CONSUMER,-0.4028520499108724
2020,SMTO3,CONSUMER,0.15345699831366
2020,SOMA3,CONSUMER,0.2139619220308255
2020,TECN3,CONSUMER,-0.6388888888888893
2020,TEKA3,CONSUMER,-0.0287113613197885
2020,TEKA4,CONSUMER,1.1002994011976073
2020,TESA3,CONSUMER,0.1822727272727278
2020,TFCO4,CONSUMER,0.3935135135135128
2020,TXRX4,CONSUMER,-0.0931311640190065
2020,VIVA3,CONSUMER,0.0116758241758248
2020,VULC3,CONSUMER,-0.1315217391304342
2020,VVAR3,CONSUMER,0.4467323187108307
2020,YDUQ3,CONSUMER,-0.3069473684210521
2020,ENAT3,ENERGY,-0.2593749999999992
2020,PETR3,ENERGY,-0.0984375000000027
2020,PETR4,ENERGY,-0.0609675281643472
2020,PRIO3,ENERGY,1.1231094978826357
2020,RPMG3,ENERGY,-0.449218749999999
2020,RRRP3,ENERGY,0.7799043062200963
2020,UGPA3,ENERGY,-0.0682888540031393
2020,ABCB4,FINANCIALS,-0.2238732045567107
2020,APER3,FINANCIALS,0.1389655172413757
2020,BAZA3,FINANCIALS,0.0549999999999986
2020,BBAS3,FINANCIALS,-0.2654297614539956
2020,BBDC3,FINANCIALS,-0.2896976812444967
2020,BBDC4,FINANCIALS,-0.2496544097318205
2020,BBSE3,FINANCIALS,-0.2140583554376659
2020,BEES3,FINANCIALS,-0.1349206349206348
2020,BEES4,FINANCIALS,-0.1093057607090107
2020,BGIP3,FINANCIALS,-0.1834446715053136
2020,BGIP4,FINANCIALS,-0.2950649350649341
2020,BIDI11,FINANCIALS,1.1122076807552017
2020,BIDI3,FINANCIALS,1.2237196765498624
2020,BIDI4,FINANCIALS,1.0982142857142838
2020,BMEB3,FINANCIALS,0.2614678899082561
2020,BMEB4,FINANCIALS,0.253858024691358
2020,BMGB4,FINANCIALS,-0.3636363636363634
2020,BMIN3,FINANCIALS,-0.5686508129291358
2020,BMIN4,FINANCIALS,0.095051897084124
2020,BNBR3,FINANCIALS,-0.2333807825575081
2020,BPAN4,FINANCIALS,-0.1009433962264152
2020,BRGE11,FINANCIALS,-0.370315143763556
2020,BRGE12,FINANCIALS,-0.4849678529385132
2020,BRGE3,FINANCIALS,-0.269886483886483
2020,BRGE5,FINANCIALS,-0.6560771927574702
2020,BRGE8,FINANCIALS,-0.744392261594435
2020,BRIV3,FINANCIALS,0.078369602093735
2020,BRIV4,FINANCIALS,0.0168539325842689
2020,BRSR3,FINANCIALS,-0.3152173913043473
2020,BRSR5,FINANCIALS,-0.1718092120133852
2020,BRSR6,FINANCIALS,-0.3270207852193995
2020,CIEL3,FINANCIALS,-0.5221027479091989
2020,CRIV3,FINANCIALS,-0.1179321486268183
2020,CRIV4,FINANCIALS,-0.1164383561643819
2020,CSAB3,FINANCIALS,-0.3320326957217746
2020,CSAB4,FINANCIALS,0.2984381126226751
2020,HBTS5,FINANCIALS,0.4308315321042586
2020,IDVL3,FINANCIALS,-0.4447300771208217
2020,IDVL4,FINANCIALS,-0.3790697674418603
2020,IRBR3,FINANCIALS,-0.7899871630295253
2020,ITSA3,FINANCIALS,-0.1217081850533819
2020,ITSA4,FINANCIALS,-0.16749467707594
2020,ITUB3,FINANCIALS,-0.1280049953168891
2020,ITUB4,FINANCIALS,-0.1474393530997296
2020,MERC3,FINANCIALS,-0.238897412285292
2020,MERC4,FINANCIALS,-0.435669314709734
2020,PINE4,FINANCIALS,-0.3999999999999999
2020,PSSA3,FINANCIALS,-0.2189990436722969
2020,QUAL3,FINANCIALS,-0.0571428571428579
2020,RPAD3,FINANCIALS,-0.3822363859705369
2020,RPAD5,FINANCIALS,0.2829916595464707
2020,RPAD6,FINANCIALS,-0.1009066621591804
2020,SANB11,FINANCIALS,-0.0947092084006449
2020,SULA11,FINANCIALS,-0.2598464619492654
2020,SULA3,FINANCIALS,-0.2857142857142858
2020,SULA4,FINANCIALS,-0.2518227706113293
2020,WIZS3,FINANCIALS,-0.4305949008498573
2020,AALR3,HEALTHCARE,-0.388766519823788
2020,BIOM3,HEALTHCARE,0.3072580645161271
2020,BOBR4,HEALTHCARE,0.0882352941176467
2020,DASA3,HEALTHCARE,0.3819933956586891
2020,FLRY3,HEALTHCARE,-0.1149688830658394
2020,GNDI3,HEALTHCARE,0.1478388278388285
2020,HAPV3,HEALTHCARE,0.1828692386951012
2020,HYPE3,HEALTHCARE,-0.0403474362566528
2020,NTCO3,HEALTHCARE,0.3576415826221901
2020,ODPV3,HEALTHCARE,-0.137522228808536
2020,PARD3,HEALTHCARE,-0.1700955180014698
2020,RDOR3,HEALTHCARE,0.0945512820512819
2020,AERI3,INDUSTRIALS,0.5384615384615374
2020,AZEV3,INDUSTRIALS,-0.5684523809523806
2020,AZEV4,INDUSTRIALS,-0.2449438202247192
2020,AZUL4,INDUSTRIALS,-0.3256691832532609
2020,BBRK3,INDUSTRIALS,-0.6271186440677969
2020,BDLL4,INDUSTRIALS,0.3444857496902114
2020,CCPR3,INDUSTRIALS,-0.4608421881149146
2020,CCRO3,INDUSTRIALS,-0.2903055848261334
2020,CRDE3,INDUSTRIALS,-0.0075785592905951
2020,CURY3,INDUSTRIALS,0.0993657505285421
2020,CYRE3,INDUSTRIALS,-0.0070730885820154
2020,DIRR3,INDUSTRIALS,-0.127333333333332
2020,DTEX3,INDUSTRIALS,0.144736842105263
2020,ECOR3,INDUSTRIALS,-0.1797546012269946
2020,EMBR3,INDUSTRIALS,-0.5514445007602631
2020,ETER3,INDUSTRIALS,1.9694835680751184
2020,EUCA3,INDUSTRIALS,-0.6369327073552427
2020,EUCA4,INDUSTRIALS,-0.1421686746987954
2020,EVEN3,INDUSTRIALS,-0.227506426735219
2020,EZTC3,INDUSTRIALS,-0.1734104046242787
2020,FRAS3,INDUSTRIALS,0.7754385964912272
2020,FRIO3,INDUSTRIALS,0.4672378543327551
2020,GOLL4,INDUSTRIALS,-0.3222826086956519
2020,HBOR3,INDUSTRIALS,1.687912087912089
2020,HBSA3,INDUSTRIALS,-0.0700808625336915
2020,IGBR3,INDUSTRIALS,2.0769230769230784
2020,INEP3,INDUSTRIALS,0.424903722721436
2020,JFEN3,INDUSTRIALS,0.6339622641509404
2020,JHSF3,INDUSTRIALS,0.095371669004205
2020,JSLG11,INDUSTRIALS,-0.0505795574288725
2020,LAVV3,INDUSTRIALS,0.0211111111111106
2020,LCAM3,INDUSTRIALS,0.2906208718626142
2020,LEVE3,INDUSTRIALS,-0.2718750000000003
2020,LOGG3,INDUSTRIALS,0.0539125077017874
2020,LOGN3,INDUSTRIALS,-0.2258373205741639
2020,LPSB3,INDUSTRIALS,-0.477439664218257
2020,LUPA3,INDUSTRIALS,0.2604166666666652
2020,MDNE3,INDUSTRIALS,-0.3729729729729722
2020,MELK3,INDUSTRIALS,-0.0790419161676642
2020,MILS3,INDUSTRIALS,-0.4114832535885178
2020,MOVI3,INDUSTRIALS,0.0800209205020929
2020,MRVE3,INDUSTRIALS,-0.1206496519721578
2020,MTRE3,INDUSTRIALS,-0.1826923076923069
2020,MULT3,INDUSTRIALS,-0.2891238670694871
2020,MYPK3,INDUSTRIALS,-0.3370402053036792
2020,PDGR3,INDUSTRIALS,-0.4641407307171854
2020,PLPL3,INDUSTRIALS,-0.1914893617021271
2020,POMO3,INDUSTRIALS,-0.3873873873873881
2020,POMO4,INDUSTRIALS,-0.362222222222221
2020,PRNR3,INDUSTRIALS,-0.3507462686567165
2020,PTBL3,INDUSTRIALS,0.2774674115456259
2020,RAIL3,INDUSTRIALS,-0.2628352490421453
2020,RAPT3,INDUSTRIALS,0.0493273542600902
2020,RAPT4,INDUSTRIALS,0.1999999999999984
2020,RCSL3,INDUSTRIALS,4.9090909090908985
2020,RCSL4,INDUSTRIALS,0.0056818181818185
2020,RDNI3,INDUSTRIALS,-0.2614213197969544
2020,RENT3,INDUSTRIALS,0.4543345285804661
2020,RLOG3,INDUSTRIALS,-0.2021551724137942
2020,ROMI3,INDUSTRIALS,-0.1196581196581194
2020,RSID3,INDUSTRIALS,-0.273026315789473
2020,SIMH3,INDUSTRIALS,0.2064625850340136
2020,SOND5,INDUSTRIALS,0.3887815064844964
2020,SOND6,INDUSTRIALS,0.0871138763629377
2020,SPRI3,INDUSTRIALS,-0.4176759060629258
2020,SPRI5,INDUSTRIALS,-0.6912497058525493
2020,SPRI6,INDUSTRIALS,-0.0211654584292712
2020,TASA3,INDUSTRIALS,2.1056751467710395
2020,TASA4,INDUSTRIALS,1.587646076794658
2020,TCNO3,INDUSTRIALS,0.5733333333333317
2020,TCNO4,INDUSTRIALS,0.0638297872340416
2020,TCSA3,INDUSTRIALS,4.459016393442623
2020,TEND3,INDUSTRIALS,1.1102230246251563e-15
2020,TGMA3,INDUSTRIALS,-0.2836653386454176
2020,TPIS3,INDUSTRIALS,0.3786982248520705
2020,TRIS3,INDUSTRIALS,-0.199346405228757
2020,UCAS3,INDUSTRIALS,-0.1584158415841597
2020,VIVR3,INDUSTRIALS,-0.5
2020,WEGE3,INDUSTRIALS,1.185227928447779
2020,WHRL3,INDUSTRIALS,-0.265797392176529
2020,WHRL4,INDUSTRIALS,-0.2039024390243903
2020,WLMM3,INDUSTRIALS,-0.152542372881355
2020,WLMM4,INDUSTRIALS,1.388847023360964
2020,BALM3,MATERIALS,0.009908148148148
2020,BALM4,MATERIALS,0.602040816326533
2020,BRAP3,MATERIALS,0.6183206106870265
2020,BRAP4,MATERIALS,0.6643155694879821
2020,BRKM3,MATERIALS,-0.2003804692454022
2020,BRKM5,MATERIALS,-0.2103852596314909
2020,BRKM6,MATERIALS,-0.3903577499531429
2020,CRPG3,MATERIALS,-0.2125864038052412
2020,CRPG5,MATERIALS,0.3843387934478626
2020,CRPG6,MATERIALS,0.3818108974358956
2020,EALT3,MATERIALS,0.2395670736842103
2020,EALT4,MATERIALS,-0.2213740458015278
2020,ELEK3,MATERIALS,0.3004896174411799
2020,ELEK4,MATERIALS,0.473373354541154
2020,FESA3,MATERIALS,-0.0596884010425962
2020,FESA4,MATERIALS,-0.0449775112443783
2020,FHER3,MATERIALS,-0.180055401662049
2020,GGBR3,MATERIALS,0.1852717708942139
2020,GGBR4,MATERIALS,0.2224999999999983
2020,GOAU3,MATERIALS,0.1375722543352624
2020,GOAU4,MATERIALS,0.2133620689655173
2020,GPCP3,MATERIALS,1.7908841252066328
2020,GPCP4,MATERIALS,0.4543810910011392
2020,HETA4,MATERIALS,-0.1297117516629712
2020,KEPL3,MATERIALS,0.2903225806451617
2020,KLBN11,MATERIALS,0.437805540467139
2020,MGEL4,MATERIALS,0.0308899520734169
2020,MMXM3,MATERIALS,5.666666666666675
2020,MTSA4,MATERIALS,0.3601532567049821
2020,MWET3,MATERIALS,-0.3458725168847971
2020,MWET4,MATERIALS,0.1324041811846692
2020,PATI3,MATERIALS,-0.1126066796520051
2020,PATI4,MATERIALS,0.2827709325883401
2020,PMAM3,MATERIALS,-0.6562392574767962
2020,RANI3,MATERIALS,0.3474999999999966
2020,RANI4,MATERIALS,-0.3604651162790692
2020,RSUL4,MATERIALS,0.253665237854624
2020,SHUL4,MATERIALS,0.3326752221125404
2020,SNSY3,MATERIALS,-0.3448739452392466
2020,SNSY5,MATERIALS,2.650952052762213
2020,SUZB3,MATERIALS,0.4753024193548403
2020,TKNO4,MATERIALS,0.0492936442680853
2020,TUPY3,MATERIALS,-0.1711462450592876
2020,UNIP3,MATERIALS,0.3659217877094975
2020,UNIP5,MATERIALS,0.3796940194714864
2020,UNIP6,MATERIALS,0.4334920190422844
2020,USIM3,MATERIALS,0.5896656534954392
2020,USIM5,MATERIALS,0.5362776025236604
2020,USIM6,MATERIALS,0.2534403007518797
2020,VALE3,MATERIALS,0.6407129455909952
2020,ATMP3,TECHNOLOGY,-0.477272727272727
2020,CASH3,TECHNOLOGY,0.6053475935828874
2020,LINX3,TECHNOLOGY,0.057594579333712
2020,LWSA3,TECHNOLOGY,2.9063106796116567
2020,POSI3,TECHNOLOGY,-0.4995093228655543
2020,SQIA3,TECHNOLOGY,-0.0408163265306121
2020,TOTS3,TECHNOLOGY,0.3158698683191341
2020,AFLT3,UTILITIES,-0.110108303249098
2020,ALUP11,UTILITIES,-0.0184782608695645
2020,AMBP3,UTILITIES,-0.0982935153583602
2020,CBEE3,UTILITIES,-0.0475873936492299
2020,CEBR3,UTILITIES,1.995960502693
2020,CEBR5,UTILITIES,2.7103304610189647
2020,CEBR6,UTILITIES,2.746996227375296
2020,CEEB3,UTILITIES,0.188336188340767
2020,CEED3,UTILITIES,-0.2131325663419813
2020,CEED4,UTILITIES,-0.2927864214992927
2020,CEGR3,UTILITIES,0.0462572274581072
2020,CEPE5,UTILITIES,0.493060752556413
2020,CEPE6,UTILITIES,0.3159155206275572
2020,CESP3,UTILITIES,-0.1446153846153853
2020,CESP5,UTILITIES,0.0825400318873212
2020,CESP6,UTILITIES,-0.0929868503443963
2020,CGAS3,UTILITIES,0.4778694644422436
2020,CGAS5,UTILITIES,0.2123403060508204
2020,CLSC3,UTILITIES,0.2033025728553776
2020,CLSC4,UTILITIES,0.0955339805825234
2020,CMIG3,UTILITIES,0.0519563822963418
2020,CMIG4,UTILITIES,0.0558375634517749
2020,COCE3,UTILITIES,0.1277779703275332
2020,COCE5,UTILITIES,-0.0386156064733217
2020,CPFE3,UTILITIES,-0.0843881856540075
2020,CPLE3,UTILITIES,0.0130246020260507
2020,CPLE6,UTILITIES,0.0849862458375563
2020,CSMG3,UTILITIES,-0.2725903207255148
2020,CSRN3,UTILITIES,0.1842067556564
2020,CSRN5,UTILITIES,0.0291972349210045
2020,CSRN6,UTILITIES,-0.1349557558890379
2020,EEEL3,UTILITIES,0.025651623241494
2020,EEEL4,UTILITIES,0.7104251856583763
2020,EGIE3,UTILITIES,-0.1350393700787404
2020,EKTR3,UTILITIES,-0.2055858382141179
2020,EKTR4,UTILITIES,0.0558818260316964
2020,ELET5,UTILITIES,0.0755198281588325
2020,ELET6,UTILITIES,-0.0324267782426792
2020,EMAE4,UTILITIES,1.041971297048471
2020,ENBR3,UTILITIES,-0.1108597285067868
2020,ENEV3,UTILITIES,0.4213778896772686
2020,ENGI11,UTILITIES,-0.0218569026714003
2020,ENGI3,UTILITIES,0.2488986784140949
2020,ENGI4,UTILITIES,-0.162561576354679
2020,ENMT3,UTILITIES,-0.0618931915721818
2020,ENMT4,UTILITIES,-0.0800157106143485
2020,EQTL3,UTILITIES,0.0162351908731894
2020,GEPA3,UTILITIES,-0.1539401741276299
2020,GEPA4,UTILITIES,-0.0791245791245794
2020,GPAR3,UTILITIES,-0.3207224461035182
2020,LIGT3,UTILITIES,0.0227272727272718
2020,LIPR3,UTILITIES,0.0447180806843854
2020,NEOE3,UTILITIES,-0.2918006430868171
2020,OMGE3,UTILITIES,0.105753424657534
2020,REDE3,UTILITIES,0.3117647058823531
2020,RNEW11,UTILITIES,0.1618257261410778
2020,SAPR11,UTILITIES,-0.7436403076316307
2020,SAPR3,UTILITIES,-0.6551724137931032
2020,SAPR4,UTILITIES,-0.7580645161290324
2020,SBSP3,UTILITIES,-0.2661822985468951
2020,TAEE11,UTILITIES,0.0689544579858874
2020,TAEE3,UTILITIES,0.0894941634241246
2020,TAEE4,UTILITIES,0.0657142857142842
2020,TIET11,UTILITIES,0.0286247666459245
2020,TRPL3,UTILITIES,0.0664970930232589
2020,TRPL4,UTILITIES,0.2316209034543832
2021,BRIT3,COMMUNICATION,-0.64321608040201
2021,DESK3,COMMUNICATION,-0.2437113402061849
2021,DTCY3,COMMUNICATION,0.0543817137335718
2021,FIQE3,COMMUNICATION,-0.1645569620253155
2021,IGTI11,COMMUNICATION,-0.1335724464923389
2021,IGTI3,COMMUNICATION,-0.9148737137511692
2021,TELB3,COMMUNICATION,-0.4971623155505106
2021,TELB4,COMMUNICATION,-0.5304404145077719
2021,TIMS3,COMMUNICATION,-0.102389078498293
2021,VIVT3,COMMUNICATION,0.0363440860215071
2021,VLID3,COMMUNICATION,-0.0841320553780617
2021,ABEV3,CONSUMER,-0.0146964856230039
2021,AGRO3,CONSUMER,0.1515999999999997
2021,AHEB3,CONSUMER,0.0563167114356675
2021,ALPA3,CONSUMER,-0.1863517060367459
2021,ALPA4,CONSUMER,-0.1185714285714294
2021,ALSO3,CONSUMER,-0.2574562907096343
2021,ANIM3,CONSUMER,-0.3078075207138294
2021,ARZZ3,CONSUMER,0.1259900264007045
2021,ASAI3,CONSUMER,-0.0769956207835227
2021,BAHI3,CONSUMER,-0.8282641378512782
2021,BAUH4,CONSUMER,-0.0908024889017562
2021,BEEF3,CONSUMER,0.0412573673870322
2021,BLUT3,CONSUMER,-0.2898949905319329
2021,BLUT4,CONSUMER,-0.3507462686567166
2021,BMKS3,CONSUMER,-0.053782646661903
2021,BRFS3,CONSUMER,0.0217785843920155
2021,BRML3,CONSUMER,-0.1606060606060613
2021,BSEV3,CONSUMER,0.675977653631284
2021,BTOW3,CONSUMER,-0.1006480624256042
2021,CAMB3,CONSUMER,-0.1305114638447967
2021,CAML3,CONSUMER,0.0280036133694676
2021,CEAB3,CONSUMER,-0.5228859581070605
2021,CEDO3,CONSUMER,-0.3769497400346621
2021,CEDO4,CONSUMER,-0.1119005328596807
2021,CGRA3,CONSUMER,0.1186053158045166
2021,CGRA4,CONSUMER,0.0702857142857149
2021,COGN3,CONSUMER,-0.4686825053995687
2021,CRFB3,CONSUMER,-0.2135121196493034
2021,CSAN3,CONSUMER,-0.713587745939522
2021,CSED3,CONSUMER,-0.4067796610169492
2021,CTKA3,CONSUMER,0.2202092799215476
2021,CTKA4,CONSUMER,-0.1532603522132325
2021,CTNM3,CONSUMER,-0.3247329018539704
2021,CTNM4,CONSUMER,-0.3843594009983353
2021,CTSA3,CONSUMER,-0.2490118577075105
2021,CTSA4,CONSUMER,-0.3235294117647064
2021,CVCB3,CONSUMER,-0.3479105928085526
2021,DMVF3,CONSUMER,-0.6705790297339589
2021,DOHL3,CONSUMER,0.2358328826392643
2021,DOHL4,CONSUMER,0.1398865784499074
2021,ENJU3,CONSUMER,-0.7764705882352939
2021,ESTR4,CONSUMER,1.2504764340149848
2021,FRTA3,CONSUMER,-0.181380417335471
2021,GMAT3,CONSUMER,-0.2787081339712918
2021,GRND3,CONSUMER,0.0322195704057288
2021,GSHP3,CONSUMER,-0.3354605263157895
2021,GUAR3,CONSUMER,-0.3393695506371567
2021,HGTX3,CONSUMER,1.184041933605123
2021,HOOT4,CONSUMER,-0.0070921985815616
2021,IFCM3,CONSUMER,0.109701965757768
2021,IGTA3,CONSUMER,-0.1082099596231497
2021,INTB3,CONSUMER,0.4169199594731503
2021,JALL3,CONSUMER,0.1548672566371656
2021,JBSS3,CONSUMER,0.6039729501267947
2021,JOPA3,CONSUMER,-0.2197330766861505
2021,JOPA4,CONSUMER,0.1213196332304289
2021,LAME3,CONSUMER,-0.7110024449877754
2021,LAME4,CONSUMER,-0.7759604412324077
2021,LAND3,CONSUMER,0.4976682211858756
2021,LJQQ3,CONSUMER,-0.3139178418148369
2021,LLIS3,CONSUMER,-0.7252525252525253
2021,LREN3,CONSUMER,-0.4386770785484601
2021,MBLY3,CONSUMER,-0.8151515151515151
2021,MDIA3,CONSUMER,-0.2516147974163235
2021,MEAL3,CONSUMER,-0.4228028503562948
2021,MGLU3,CONSUMER,-0.7106212424849696
2021,MNDL3,CONSUMER,0.3975999999999984
2021,MNPR3,CONSUMER,-0.0871428571428573
2021,NUTR3,CONSUMER,-0.0669591780061096
2021,OFSA3,CONSUMER,-0.3289473684210521
2021,PCAR3,CONSUMER,-0.7104596935376415
2021,PETZ3,CONSUMER,-0.1429319371727753
2021,PFRM3,CONSUMER,-0.0327868852459011
2021,PGMN3,CONSUMER,0.0365853658536592
2021,PNVL3,CONSUMER,-0.3889908256880728
2021,PTNT3,CONSUMER,1.6079447322970633
2021,PTNT4,CONSUMER,0.1654275092936799
2021,RADL3,CONSUMER,-0.0295527156549513
2021,RAIZ4,CONSUMER,-0.1091160220994471
2021,SBFG3,CONSUMER,-0.1476713366149171
2021,SEER3,CONSUMER,-0.3284250960307305
2021,SGPS3,CONSUMER,-0.3697047496790762
2021,SHOW3,CONSUMER,-0.0604534005037794
2021,SLCE3,CONSUMER,0.6404371584699486
2021,SLED3,CONSUMER,-0.5575708502024288
2021,SLED4,CONSUMER,-0.6438093354430384
2021,SMFT3,CONSUMER,-0.4838709677419353
2021,SMLS3,CONSUMER,-0.0447761194029848
2021,SMTO3,CONSUMER,0.2587719298245612
2021,SOJA3,CONSUMER,0.0937931034482761
2021,SOMA3,CONSUMER,-0.0492905153099331
2021,TECN3,CONSUMER,0.7846153846153856
2021,TEKA3,CONSUMER,-0.3143088763987903
2021,TEKA4,CONSUMER,-0.2950819672131149
2021,TESA3,CONSUMER,0.8454440599769333
2021,TFCO4,CONSUMER,0.0054305663304872
2021,TXRX4,CONSUMER,-0.1666666666666667
2021,VBBR3,CONSUMER,-0.0051139005113897
2021,VIIA3,CONSUMER,-0.505183788878416
2021,VITT3,CONSUMER,0.4348258706467658
2021,VIVA3,CONSUMER,-0.1364562118126259
2021,VULC3,CONSUMER,0.1439299123904882
2021,WEST3,CONSUMER,-0.7058823529411766
2021,YDUQ3,CONSUMER,-0.3754556500607529
2021,ENAT3,ENERGY,0.1232067510548533
2021,OPCT3,ENERGY,-0.7309417040358747
2021,PETR3,ENERGY,0.0641247833622182
2021,PETR4,ENERGY,0.0038814396612567
2021,PRIO3,ENERGY,0.4877698033907987
2021,RECV3,ENERGY,0.1979500320307483
2021,RPMG3,ENERGY,-0.00709219858156
2021,RRRP3,ENERGY,-0.0981182795698912
2021,UGPA3,ENERGY,-0.3875315922493682
2021,ABCB4,FINANCIALS,0.0127632418634333
2021,APER3,FINANCIALS,0.0190735694822903
2021,BAZA3,FINANCIALS,-0.021563981042655
2021,BBAS3,FINANCIALS,-0.2564432989690706
2021,BBDC3,FINANCIALS,-0.3309917355371888
2021,BBDC4,FINANCIALS,-0.2921886514369948
2021,BBSE3,FINANCIALS,-0.2996962537968273
2021,BEES3,FINANCIALS,-0.1100917431192677
2021,BEES4,FINANCIALS,-0.0447761194029836
2021,BGIP3,FINANCIALS,-0.2430810489259225
2021,BGIP4,FINANCIALS,-0.1009579955784818
2021,BIDI11,FINANCIALS,-0.709801929913662
2021,BIDI3,FINANCIALS,-0.7151515151515155
2021,BIDI4,FINANCIALS,-0.7100303951367777
2021,BMEB3,FINANCIALS,-0.2822085070892414
2021,BMEB4,FINANCIALS,-0.3323076923076923
2021,BMGB4,FINANCIALS,-0.499197431781702
2021,BMIN3,FINANCIALS,0.4503036905220212
2021,BMIN4,FINANCIALS,-0.1352438411261948
2021,BNBR3,FINANCIALS,-0.0456257318295132
2021,BPAN4,FINANCIALS,0.1206715634837374
2021,BRGE11,FINANCIALS,-0.1191138655035848
2021,BRGE12,FINANCIALS,0.1040191169776978
2021,BRGE3,FINANCIALS,-0.1926047004221733
2021,BRGE5,FINANCIALS,-0.0855525444143336
2021,BRGE6,FINANCIALS,-0.2119720294004548
2021,BRGE8,FINANCIALS,0.1337209302325581
2021,BRIV3,FINANCIALS,0.0022572566912282
2021,BRIV4,FINANCIALS,-0.1922651933701659
2021,BRSR3,FINANCIALS,-0.2469841269841267
2021,BRSR5,FINANCIALS,0.0240426239292337
2021,BRSR6,FINANCIALS,-0.3376801647220324
2021,BSLI3,FINANCIALS,-0.7919100283404743
2021,BSLI4,FINANCIALS,-0.3855212500943609
2021,CIEL3,FINANCIALS,-0.4299999999999994
2021,CRIV3,FINANCIALS,-0.1547028240576626
2021,CRIV4,FINANCIALS,-0.1162790697674425
2021,CSAB4,FINANCIALS,0.0168721972613998
2021,CXSE3,FINANCIALS,-0.1681592039800975
2021,HBTS5,FINANCIALS,1.217531777829377
2021,IRBR3,FINANCIALS,-0.5085574572127132
2021,ITSA3,FINANCIALS,-0.2463533225283635
2021,ITSA4,FINANCIALS,-0.2387041773231031
2021,ITUB3,FINANCIALS,-0.3165055495882567
2021,ITUB4,FINANCIALS,-0.337654125829908
2021,MERC3,FINANCIALS,0.3528598503436719
2021,MERC4,FINANCIALS,0.1466897243039795
2021,MODL11,FINANCIALS,-0.4177897574123986
2021,PINE4,FINANCIALS,-0.2896825396825407
2021,PSSA3,FINANCIALS,-0.5730612244897961
2021,QUAL3,FINANCIALS,-0.5168667810177234
2021,RPAD3,FINANCIALS,0.0231404958677661
2021,RPAD5,FINANCIALS,-0.3119406087247722
2021,RPAD6,FINANCIALS,-0.2255168587004284
2021,SANB11,FINANCIALS,-0.3312513941557
2021,SULA11,FINANCIALS,-0.3801578354002245
2021,SULA3,FINANCIALS,-0.4661016949152549
2021,SULA4,FINANCIALS,-0.3223388305847072
2021,WIZS3,FINANCIALS,-0.009950248756219
2021,AALR3,HEALTHCARE,0.3486486486486482
2021,BIOM3,HEALTHCARE,-0.1992597162245531
2021,BLAU3,HEALTHCARE,-0.1143552311435528
2021,BOBR4,HEALTHCARE,-0.2432432432432433
2021,DASA3,HEALTHCARE,-0.534620689655173
2021,ESPA3,HEALTHCARE,-0.6034318398474736
2021,FLRY3,HEALTHCARE,-0.3341968911917099
2021,GNDI3,HEALTHCARE,-0.2296400306356896
2021,HAPV3,HEALTHCARE,-0.3197903014416782
2021,HYPE3,HEALTHCARE,-0.1745985401459854
2021,MATD3,HEALTHCARE,-0.1964285714285711
2021,NTCO3,HEALTHCARE,-0.5156190476190479
2021,ODPV3,HEALTHCARE,-0.1340206185567016
2021,ONCO3,HEALTHCARE,-0.4113029827315538
2021,PARD3,HEALTHCARE,-0.1456396635679503
2021,RDOR3,HEALTHCARE,-0.3436310395314774
2021,AERI3,INDUSTRIALS,-0.3450000000000003
2021,ALPK3,INDUSTRIALS,-0.5483870967741931
2021,ARML3,INDUSTRIALS,0.1807935076645617
2021,AVLL3,INDUSTRIALS,0.1864406779661007
2021,AZEV3,INDUSTRIALS,-0.1551724137931033
2021,AZEV4,INDUSTRIALS,0.294642857142855
2021,AZUL4,INDUSTRIALS,-0.3801526717557265
2021,BBRK3,INDUSTRIALS,-0.7000000000000002
2021,BDLL3,INDUSTRIALS,-0.5063759769642118
2021,BDLL4,INDUSTRIALS,-0.3685518782292983
2021,CCPR3,INDUSTRIALS,-0.2583941605839424
2021,CCRO3,INDUSTRIALS,-0.1395694135115076
2021,CRDE3,INDUSTRIALS,-0.4064424023629799
2021,CURY3,INDUSTRIALS,-0.3269230769230775
2021,CYRE3,INDUSTRIALS,-0.4647218453188605
2021,DIRR3,INDUSTRIALS,-0.0290297937356771
2021,DXCO3,INDUSTRIALS,-0.2793834296724466
2021,ECOR3,INDUSTRIALS,-0.4525056095736726
2021,EMBR3,INDUSTRIALS,1.8045197740113048
2021,ETER3,INDUSTRIALS,0.6569169960474319
2021,EUCA3,INDUSTRIALS,-0.4875000000000001
2021,EUCA4,INDUSTRIALS,0.2373595505617982
2021,EVEN3,INDUSTRIALS,-0.4517470881863563
2021,EZTC3,INDUSTRIALS,-0.5233100233100236
2021,FRAS3,INDUSTRIALS,0.3764822134387371
2021,FRIO3,INDUSTRIALS,0.2357054417137503
2021,GOLL4,INDUSTRIALS,-0.3171611868484376
2021,HBOR3,INDUSTRIALS,-0.617334423548651
2021,HBRE3,INDUSTRIALS,-0.5343915343915349
2021,HBSA3,INDUSTRIALS,-0.5000000000000002
2021,IGBR3,INDUSTRIALS,1.5499999999999976
2021,INEP3,INDUSTRIALS,1.445145945945946
2021,JFEN3,INDUSTRIALS,-0.6952380952380948
2021,JHSF3,INDUSTRIALS,-0.2855313700384118
2021,JSLG3,INDUSTRIALS,-0.3040665434380774
2021,LAVV3,INDUSTRIALS,-0.4352557127312297
2021,LCAM3,INDUSTRIALS,-0.1978846809962476
2021,LEVE3,INDUSTRIALS,0.4687649022412983
2021,LOGG3,INDUSTRIALS,-0.2607424729611224
2021,LOGN3,INDUSTRIALS,0.4585908529048221
2021,LPSB3,INDUSTRIALS,-0.5522088353413652
2021,LUPA3,INDUSTRIALS,1.1983471074380168
2021,MDNE3,INDUSTRIALS,-0.4965517241379308
2021,MELK3,INDUSTRIALS,-0.4928478543563068
2021,MILS3,INDUSTRIALS,0.0390243902439009
2021,MOVI3,INDUSTRIALS,-0.2358353510895887
2021,MRVE3,INDUSTRIALS,-0.3667546174142464
2021,MTRE3,INDUSTRIALS,-0.5076470588235293
2021,MULT3,INDUSTRIALS,-0.2044198895027635
2021,MYPK3,INDUSTRIALS,-0.0096774193548395
2021,PDGR3,INDUSTRIALS,-0.6565656565656562
2021,PLPL3,INDUSTRIALS,-0.5723684210526312
2021,POMO3,INDUSTRIALS,-0.0808823529411766
2021,POMO4,INDUSTRIALS,0.062717770034844
2021,PRNR3,INDUSTRIALS,-0.1919540229885065
2021,PTBL3,INDUSTRIALS,0.4052478134110779
2021,RAIL3,INDUSTRIALS,-0.0769230769230773
2021,RAPT3,INDUSTRIALS,0.0717948717948724
2021,RAPT4,INDUSTRIALS,-0.3240049751243781
2021,RCSL3,INDUSTRIALS,-0.4528846153846154
2021,RCSL4,INDUSTRIALS,-0.1977401129943502
2021,RDNI3,INDUSTRIALS,-0.123711340206185
2021,RENT3,INDUSTRIALS,-0.2313270485859307
2021,ROMI3,INDUSTRIALS,0.1915857605177977
2021,RSID3,INDUSTRIALS,0.4283559577677245
2021,RSUL4,INDUSTRIALS,-0.619512189359666
2021,SEQL3,INDUSTRIALS,-0.3795524352786309
2021,SIMH3,INDUSTRIALS,0.3390143866602855
2021,SOND5,INDUSTRIALS,-0.3224841916355691
2021,SOND6,INDUSTRIALS,0.142213196397634
2021,TASA3,INDUSTRIALS,0.5444234404536865
2021,TASA4,INDUSTRIALS,0.5909677419354842
2021,TCNO3,INDUSTRIALS,-0.2033898305084748
2021,TCNO4,INDUSTRIALS,0.0200000000000002
2021,TCSA3,INDUSTRIALS,-0.6386386386386389
2021,TEND3,INDUSTRIALS,-0.446505465385889
2021,TGMA3,INDUSTRIALS,-0.4204671857619575
2021,TPIS3,INDUSTRIALS,-0.0944206008583673
2021,TRIS3,INDUSTRIALS,-0.5142857142857149
2021,UCAS3,INDUSTRIALS,-0.0094117647058813
2021,VAMO3,INDUSTRIALS,-0.6141706924315622
2021,VIVR3,INDUSTRIALS,-0.4136643093781851
2021,WEGE3,INDUSTRIALS,-0.5645629786110382
2021,WHRL3,INDUSTRIALS,-0.0833333333333337
2021,WHRL4,INDUSTRIALS,-0.0196078431372563
2021,WLMM3,INDUSTRIALS,0.6677668892890192
2021,WLMM4,INDUSTRIALS,0.2567823343848585
2021,BALM3,MATERIALS,-0.1345763922490267
2021,BALM4,MATERIALS,-0.173248407643311
2021,BRAP3,MATERIALS,-0.6194968553459121
2021,BRAP4,MATERIALS,-0.6077538847904569
2021,BRKM3,MATERIALS,1.2501982553528914
2021,BRKM5,MATERIALS,1.445057276198558
2021,BRKM6,MATERIALS,0.8982112842615078
2021,CBAV3,MATERIALS,0.1497056349873828
2021,CRPG3,MATERIALS,2.049854342915052
2021,CRPG5,MATERIALS,0.989610389610386
2021,CRPG6,MATERIALS,1.1575502260953263
2021,DEXP3,MATERIALS,-0.7844720496894411
2021,DEXP4,MATERIALS,-0.7904428904428907
2021,EALT3,MATERIALS,-0.0296180826188617
2021,EALT4,MATERIALS,0.4901960784313732
2021,FESA3,MATERIALS,0.8095238095238111
2021,FESA4,MATERIALS,1.5546834118262676
2021,FHER3,MATERIALS,5.206081081081085
2021,GGBR3,MATERIALS,0.1079881656804713
2021,GGBR4,MATERIALS,0.1149284253578724
2021,GOAU3,MATERIALS,0.0802845528455291
2021,GOAU4,MATERIALS,0.0106571936056856
2021,HETA4,MATERIALS,0.0127388535031853
2021,KEPL3,MATERIALS,0.029999999999998
2021,KLBN11,MATERIALS,-0.03060068001511
2021,MGEL4,MATERIALS,0.7604790419161689
2021,MMXM3,MATERIALS,-0.1764705882352945
2021,MTSA4,MATERIALS,0.3289514866979635
2021,MWET3,MATERIALS,-0.1545916779484371
2021,MWET4,MATERIALS,1.6276923076923056
2021,PATI3,MATERIALS,1.974873125410094
2021,PATI4,MATERIALS,0.8787800129785852
2021,PMAM3,MATERIALS,0.0110000000000001
2021,RANI3,MATERIALS,0.2801484230055648
2021,SHUL4,MATERIALS,-0.3770370370370376
2021,SNSY3,MATERIALS,-0.6826516220028205
2021,SNSY5,MATERIALS,-0.1671974522292982
2021,SUZB3,MATERIALS,0.0268192688759827
2021,TKNO4,MATERIALS,0.230008508039722
2021,TUPY3,MATERIALS,-0.0486409155937062
2021,UNIP3,MATERIALS,1.1104294478527588
2021,UNIP5,MATERIALS,1.1086065573770512
2021,UNIP6,MATERIALS,1.016800156280523
2021,USIM3,MATERIALS,-0.0752071383046509
2021,USIM5,MATERIALS,0.0376454483230648
2021,USIM6,MATERIALS,0.1447881622974463
2021,VALE3,MATERIALS,-0.1085191538021732
2021,ATMP3,TECHNOLOGY,0.130434782608696
2021,BMOB3,TECHNOLOGY,-0.2883177570093447
2021,BOAS3,TECHNOLOGY,-0.5256916996047435
2021,CASH3,TECHNOLOGY,-0.7841439040639575
2021,CLSA3,TECHNOLOGY,-0.6842105263157896
2021,ELMD3,TECHNOLOGY,-0.4285714285714289
2021,LINX3,TECHNOLOGY,-0.0016017084890556
2021,LWSA3,TECHNOLOGY,-0.8364607928420529
2021,MOSI3,TECHNOLOGY,-0.7802564102564103
2021,NGRD3,TECHNOLOGY,-0.6321678321678326
2021,PDTC3,TECHNOLOGY,0.073619631901842
2021,POSI3,TECHNOLOGY,1.1372549019607847
2021,SQIA3,TECHNOLOGY,-0.2965957446808521
2021,TOTS3,TECHNOLOGY,-0.0027855153203346
2021,TRAD3,TECHNOLOGY,-0.5253968253968249
2021,AESB3,UTILITIES,-0.345744680851064
2021,AFLT3,UTILITIES,-0.1004056795131841
2021,ALUP11,UTILITIES,-0.110372831303064
2021,AMBP3,UTILITIES,0.5965177895533693
2021,CBEE3,UTILITIES,0.1813661220958746
2021,CEBR3,UTILITIES,-0.3509002004008013
2021,CEBR5,UTILITIES,-0.4825306353644129
2021,CEBR6,UTILITIES,-0.8943835616438356
2021,CEEB3,UTILITIES,-0.2215813485761715
2021,CEED3,UTILITIES,-0.1026079969067361
2021,CEED4,UTILITIES,-0.1757236111331866
2021,CEGR3,UTILITIES,-0.0265814839870714
2021,CEPE5,UTILITIES,-0.328993751574952
2021,CEPE6,UTILITIES,0.4981107502029391
2021,CESP3,UTILITIES,-0.20863309352518
2021,CESP5,UTILITIES,0.0422588737715858
2021,CESP6,UTILITIES,-0.2575077666551607
2021,CGAS3,UTILITIES,-0.196469921268204
2021,CGAS5,UTILITIES,-0.1257020438885981
2021,CLSC3,UTILITIES,0.2850734573017754
2021,CLSC4,UTILITIES,0.2050691244239639
2021,CMIG3,UTILITIES,0.129268292682928
2021,CMIG4,UTILITIES,-0.099587912087912
2021,COCE3,UTILITIES,-0.2590139462536721
2021,COCE5,UTILITIES,-0.0318333333333323
2021,CPFE3,UTILITIES,-0.1757296466973883
2021,CPLE3,UTILITIES,-0.9125714285714284
2021,CPLE5,UTILITIES,-0.1732119115213586
2021,CPLE6,UTILITIES,-0.9140645850013344
2021,CSMG3,UTILITIES,-0.2249999999999999
2021,CSRN3,UTILITIES,-0.0199499141385229
2021,CSRN5,UTILITIES,-0.1770787155287576
2021,CSRN6,UTILITIES,-0.3142374641285136
2021,EGIE3,UTILITIES,-0.1258534365043242
2021,EKTR3,UTILITIES,0.2890838468748944
2021,EKTR4,UTILITIES,0.0580281502512365
2021,ELET5,UTILITIES,0.4541612843960476
2021,ELET6,UTILITIES,-0.107837837837837
2021,EMAE4,UTILITIES,0.0076912876276369
2021,ENBR3,UTILITIES,0.0656488549618332
2021,ENEV3,UTILITIES,-0.1028247846429668
2021,ENGI11,UTILITIES,-0.1525974025974017
2021,ENGI3,UTILITIES,-0.1963550852439732
2021,ENGI4,UTILITIES,-0.09764705882353
2021,ENMT3,UTILITIES,1.7090301003344508
2021,ENMT4,UTILITIES,1.5272075058246668
2021,EQTL3,UTILITIES,-0.0237478411053547
2021,GEPA3,UTILITIES,-0.2397604302955693
2021,GEPA4,UTILITIES,-0.2436014625228508
2021,GPAR3,UTILITIES,0.2967883204324617
2021,LIGT3,UTILITIES,-0.5164609053497948
2021,LIPR3,UTILITIES,0.078207230200691
2021,NEOE3,UTILITIES,-0.0805902383654957
2021,ORVR3,UTILITIES,0.2227272727272704
2021,POWE3,UTILITIES,-0.3220447284345068
2021,REDE3,UTILITIES,-0.4134529147982057
2021,RNEW11,UTILITIES,-0.4928571428571431
2021,RNEW3,UTILITIES,-0.5060000000000008
2021,RNEW4,UTILITIES,-0.480725623582765
2021,SAPR11,UTILITIES,-0.2626923076923054
2021,SAPR3,UTILITIES,-0.3666666666666668
2021,SAPR4,UTILITIES,-0.2411764705882338
2021,SBSP3,UTILITIES,-0.0958595859585966
2021,TAEE11,UTILITIES,0.0912091209120931
2021,TAEE3,UTILITIES,0.0821428571428577
2021,TAEE4,UTILITIES,0.088471849865954
2021,TIET3,UTILITIES,0.0417910447761185
2021,TIET4,UTILITIES,0.0540540540540541
2021,TRPL3,UTILITIES,0.0425894378194189
2021,TRPL4,UTILITIES,-0.1258540093491547
2022,BRIT3,COMMUNICATION,-0.4507042253521132
2022,DESK3,COMMUNICATION,-0.5637949836423115
2022,DTCY3,COMMUNICATION,0.0640578063087675
2022,FIQE3,COMMUNICATION,-0.4090909090909098
2022,IGTI11,COMMUNICATION,0.0237963475373561
2022,IGTI3,COMMUNICATION,-0.0293040293040305
2022,OIBR3,COMMUNICATION,-0.7763157894736844
2022,OIBR4,COMMUNICATION,-0.6015624999999993
2022,PDTC3,COMMUNICATION,-0.562857142857143
2022,TELB3,COMMUNICATION,-0.6367945823927765
2022,TELB4,COMMUNICATION,-0.2999999999999984
2022,TIMS3,COMMUNICATION,-0.0570342205323208
2022,VIVT3,COMMUNICATION,-0.2041917410251069
2022,VLID3,COMMUNICATION,0.0686046511627906
2022,ABEV3,CONSUMER,-0.0583657587548644
2022,AGRO3,CONSUMER,0.0406391108023616
2022,AGXY3,CONSUMER,-0.0759137769447041
2022,AHEB3,CONSUMER,-0.0016557962914792
2022,ALLD3,CONSUMER,-0.6488235294117642
2022,ALPA3,CONSUMER,-0.6161290322580646
2022,ALPA4,CONSUMER,-0.5926526202052944
2022,ALSO3,CONSUMER,-0.2146814404432128
2022,AMER3,CONSUMER,-0.694426852438252
2022,ANIM3,CONSUMER,-0.5404761904761902
2022,ARZZ3,CONSUMER,0.0192783639442499
2022,ASAI3,CONSUMER,0.5023148148148155
2022,BAHI3,CONSUMER,-0.1245791245791234
2022,BAUH4,CONSUMER,-0.1268271936491267
2022,BEEF3,CONSUMER,0.2226415094339631
2022,BLUT3,CONSUMER,2.115151515151514
2022,BLUT4,CONSUMER,-0.431350542461654
2022,BMKS3,CONSUMER,0.3255589580099838
2022,BRFS3,CONSUMER,-0.6323268206039074
2022,BRML3,CONSUMER,-0.0012033694344171
2022,CAMB3,CONSUMER,0.318458417849899
2022,CAML3,CONSUMER,-0.2724077328646755
2022,CEAB3,CONSUMER,-0.6276422764227645
2022,CEDO3,CONSUMER,-0.0874422723216282
2022,CEDO4,CONSUMER,-0.2320000000000005
2022,CGRA3,CONSUMER,-0.2782319877363329
2022,CGRA4,CONSUMER,-0.2872397223705276
2022,COGN3,CONSUMER,-0.1382113821138209
2022,CRFB3,CONSUMER,-0.0308196721311474
2022,CSAN3,CONSUMER,-0.210696173351776
2022,CSED3,CONSUMER,-0.5012987012987007
2022,CTKA4,CONSUMER,-0.4378864530635198
2022,CTNM3,CONSUMER,-0.4770532666765975
2022,CTNM4,CONSUMER,-0.5162162162162158
2022,CTSA3,CONSUMER,0.3947368421052635
2022,CTSA4,CONSUMER,0.1884057971014472
2022,CVCB3,CONSUMER,-0.6654247391952308
2022,DMVF3,CONSUMER,-0.0285035629453674
2022,DOHL3,CONSUMER,-0.3455497382198953
2022,DOHL4,CONSUMER,-0.2852404643449419
2022,ENJU3,CONSUMER,-0.6596491228070174
2022,ESTR4,CONSUMER,-0.3005726386934934
2022,FRTA3,CONSUMER,-0.527450980392157
2022,GMAT3,CONSUMER,0.0480928689883926
2022,GRND3,CONSUMER,-0.3028901734104041
2022,GSHP3,CONSUMER,-0.3189100417560644
2022,GUAR3,CONSUMER,-0.3380710659898469
2022,HOOT4,CONSUMER,-0.5750000000000001
2022,IFCM3,CONSUMER,-0.788
2022,INTB3,CONSUMER,0.0886664283160529
2022,JALL3,CONSUMER,-0.268199233716475
2022,JBSS3,CONSUMER,-0.4205533596837946
2022,JOPA3,CONSUMER,-0.1893543254292994
2022,LAND3,CONSUMER,0.2789145907473338
2022,LJQQ3,CONSUMER,-0.6246648793565688
2022,LLIS3,CONSUMER,0.5367647058823508
2022,LREN3,CONSUMER,-0.1620294599018024
2022,MBLY3,CONSUMER,-0.3852459016393433
2022,MDIA3,CONSUMER,0.40564927422519
2022,MEAL3,CONSUMER,0.1522633744855992
2022,MGLU3,CONSUMER,-0.6204986149584495
2022,MNDL3,CONSUMER,0.1161991986262165
2022,MNPR3,CONSUMER,-0.0344287949921725
2022,OFSA3,CONSUMER,-0.0458823529411748
2022,PCAR3,CONSUMER,-0.2397606994937876
2022,PETZ3,CONSUMER,-0.617593158216249
2022,PFRM3,CONSUMER,-0.377966101694915
2022,PGMN3,CONSUMER,-0.531550802139038
2022,PNVL3,CONSUMER,-0.2387387387387386
2022,PTNT3,CONSUMER,-0.3966887417218536
2022,PTNT4,CONSUMER,-0.0031897926634754
2022,RADL3,CONSUMER,-0.023868312757202
2022,RAIZ4,CONSUMER,-0.4201550387596884
2022,SBFG3,CONSUMER,-0.4322523322967558
2022,SEER3,CONSUMER,-0.5738798856053382
2022,SGPS3,CONSUMER,-0.7250509164969452
2022,SHOW3,CONSUMER,-0.359249329758713
2022,SLCE3,CONSUMER,0.041749944481457
2022,SLED3,CONSUMER,-0.5108110703421909
2022,SLED4,CONSUMER,-0.6151368760064412
2022,SMFT3,CONSUMER,-0.1506250000000013
2022,SMTO3,CONSUMER,-0.2299651567944256
2022,SOJA3,CONSUMER,-0.3442622950819664
2022,SOMA3,CONSUMER,-0.2034564021995289
2022,TECN3,CONSUMER,-0.0862068965517232
2022,TEKA4,CONSUMER,1.300746083882904
2022,TFCO4,CONSUMER,-0.1898148148148155
2022,TTEN3,CONSUMER,-0.0421377183967111
2022,TXRX4,CONSUMER,-0.569318269682556
2022,VBBR3,CONSUMER,-0.2733644859813081
2022,VIIA3,CONSUMER,-0.5428571428571435
2022,VITT3,CONSUMER,-0.0984743411927895
2022,VIVA3,CONSUMER,-0.1183176100628936
2022,VULC3,CONSUMER,0.3654266958424514
2022,VVEO3,CONSUMER,-0.1452040275569696
2022,WEST3,CONSUMER,-0.6600000000000004
2022,YDUQ3,CONSUMER,-0.5053501945525293
2022,ENAT3,ENERGY,0.0142749812171298
2022,OPCT3,ENERGY,-0.0466666666666658
2022,PETR3,ENERGY,-0.0866449511400672
2022,PETR4,ENERGY,-0.1388400702987701
2022,PRIO3,ENERGY,0.8001935171746506
2022,RECV3,ENERGY,0.7716577540106995
2022,RPMG3,ENERGY,-0.3928571428571431
2022,RRRP3,ENERGY,0.1251862891207147
2022,UGPA3,ENERGY,-0.13273727647868
2022,ABCB4,FINANCIALS,0.2375551354757377
2022,APER3,FINANCIALS,-0.1978609625668458
2022,BAZA3,FINANCIALS,0.2097360135626051
2022,BBAS3,FINANCIALS,0.2038128249566717
2022,BBDC3,FINANCIALS,-0.1680049413218047
2022,BBDC4,FINANCIALS,-0.211348256116605
2022,BBSE3,FINANCIALS,0.6245783132530094
2022,BEES3,FINANCIALS,0.1381443298969071
2022,BEES4,FINANCIALS,0.1284722222222245
2022,BGIP3,FINANCIALS,-0.2571391560027685
2022,BGIP4,FINANCIALS,-0.2942303268539894
2022,BIDI11,FINANCIALS,-0.6359817990899546
2022,BIDI3,FINANCIALS,-0.6382978723404258
2022,BIDI4,FINANCIALS,-0.6425576519916139
2022,BMEB3,FINANCIALS,-0.1695656153398532
2022,BMEB4,FINANCIALS,-0.0764976958525349
2022,BMGB4,FINANCIALS,-0.2948717948717942
2022,BMIN3,FINANCIALS,-0.2062963530484153
2022,BMIN4,FINANCIALS,-0.1705173438545602
2022,BNBR3,FINANCIALS,-0.0493406672207374
2022,BPAN4,FINANCIALS,-0.4316479400749058
2022,BRBI11,FINANCIALS,-0.1731034482758618
2022,BRGE11,FINANCIALS,0.4994449000770242
2022,BRGE12,FINANCIALS,0.5030539711570596
2022,BRGE3,FINANCIALS,0.2387938320838663
2022,BRGE6,FINANCIALS,0.7545423953541326
2022,BRGE8,FINANCIALS,-0.2101002577642287
2022,BRIV3,FINANCIALS,0.2794520547945198
2022,BRIV4,FINANCIALS,0.2708618331053343
2022,BRSR3,FINANCIALS,-0.0969645868465411
2022,BRSR5,FINANCIALS,0.0016365446583743
2022,BRSR6,FINANCIALS,0.0051813471502586
2022,BSLI3,FINANCIALS,-0.2650483469297268
2022,BSLI4,FINANCIALS,-0.0286861967009031
2022,CIEL3,FINANCIALS,1.2982456140350864
2022,CRIV3,FINANCIALS,0.0974576271186435
2022,CRIV4,FINANCIALS,-0.0964912280701754
2022,CSAB3,FINANCIALS,-0.0909090909090909
2022,CSAB4,FINANCIALS,0.021246460262756
2022,CXSE3,FINANCIALS,-0.0011961722488053
2022,FNCN3,FINANCIALS,0.5724137931034485
2022,HBTS5,FINANCIALS,-0.4886090667365067
2022,IRBR3,FINANCIALS,-0.7860696517412932
2022,ITSA3,FINANCIALS,-0.0430107526881708
2022,ITSA4,FINANCIALS,-0.0470324748040321
2022,ITUB3,FINANCIALS,0.1466736511262456
2022,ITUB4,FINANCIALS,0.1933174224343665
2022,MERC4,FINANCIALS,-0.0492576021216671
2022,MODL3,FINANCIALS,-0.462287104622872
2022,PINE4,FINANCIALS,-0.0837988826815656
2022,PSSA3,FINANCIALS,0.1065965583173993
2022,QUAL3,FINANCIALS,-0.6526627218934905
2022,RPAD3,FINANCIALS,0.2200639481107651
2022,RPAD5,FINANCIALS,0.1459664569822527
2022,RPAD6,FINANCIALS,0.5450787098512444
2022,SANB11,FINANCIALS,-0.0597064709806541
2022,SULA11,FINANCIALS,-0.1906147690069113
2022,SULA3,FINANCIALS,-0.2137566137566136
2022,SULA4,FINANCIALS,-0.155973451327434
2022,WIZS3,FINANCIALS,-0.1193467336683431
2022,AALR3,HEALTHCARE,0.4428857715430887
2022,BIOM3,HEALTHCARE,-0.4768875192604002
2022,BLAU3,HEALTHCARE,-0.2769230769230776
2022,BOBR4,HEALTHCARE,-0.2678571428571437
2022,DASA3,HEALTHCARE,-0.5930646117368115
2022,ESPA3,HEALTHCARE,-0.840144230769231
2022,FLRY3,HEALTHCARE,-0.1411895497498613
2022,HAPV3,HEALTHCARE,-0.5105973025048172
2022,HYPE3,HEALTHCARE,0.5988680580120296
2022,KRSA3,HEALTHCARE,-0.8497109826589595
2022,MATD3,HEALTHCARE,-0.4659259259259266
2022,NTCO3,HEALTHCARE,-0.5434526150216286
2022,ODPV3,HEALTHCARE,-0.283333333333333
2022,ONCO3,HEALTHCARE,-0.4640000000000007
2022,PARD3,HEALTHCARE,0.0906735751295348
2022,RDOR3,HEALTHCARE,-0.3401739906312732
2022,AERI3,INDUSTRIALS,-0.8274809160305343
2022,ALPK3,INDUSTRIALS,-0.6285714285714294
2022,ARML3,INDUSTRIALS,-0.5513554791905315
2022,AVLL3,INDUSTRIALS,-0.7206547619047621
2022,AZEV3,INDUSTRIALS,-0.704081632653061
2022,AZEV4,INDUSTRIALS,-0.6896551724137927
2022,AZUL4,INDUSTRIALS,-0.5480295566502463
2022,BDLL3,INDUSTRIALS,0.0879207078250827
2022,BDLL4,INDUSTRIALS,-0.2327943131849291
2022,CALI3,INDUSTRIALS,-0.1357683350992945
2022,CCRO3,INDUSTRIALS,-0.0664365832614328
2022,CRDE3,INDUSTRIALS,0.1490291338698233
2022,CURY3,INDUSTRIALS,0.8085714285714287
2022,CYRE3,INDUSTRIALS,-0.1717363751584303
2022,DIRR3,INDUSTRIALS,0.2305271439811169
2022,DXCO3,INDUSTRIALS,-0.5467914438502671
2022,ECOR3,INDUSTRIALS,-0.3920765027322404
2022,EMBR3,INDUSTRIALS,-0.4234488315874294
2022,ETER3,INDUSTRIALS,-0.4899809160305333
2022,EUCA3,INDUSTRIALS,0.005046257359125
2022,EUCA4,INDUSTRIALS,-0.0385925085130544
2022,EVEN3,INDUSTRIALS,-0.3050075872534145
2022,EZTC3,INDUSTRIALS,-0.343276283618582
2022,FRAS3,INDUSTRIALS,-0.3101220387652552
2022,GOLL4,INDUSTRIALS,-0.5689958896065772
2022,HBOR3,INDUSTRIALS,-0.5641025641025644
2022,HBRE3,INDUSTRIALS,-0.4874999999999995
2022,HBSA3,INDUSTRIALS,-0.3449275362318823
2022,IGBR3,INDUSTRIALS,-0.333333333333333
2022,INEP3,INDUSTRIALS,-0.2039473684210512
2022,JFEN3,INDUSTRIALS,-0.270833333333333
2022,JHSF3,INDUSTRIALS,-0.1003584229390677
2022,JSLG3,INDUSTRIALS,-0.2682602921646748
2022,LAVV3,INDUSTRIALS,-0.0809248554913302
2022,LCAM3,INDUSTRIALS,0.0272224585282849
2022,LEVE3,INDUSTRIALS,-0.0009740259740271
2022,LOGG3,INDUSTRIALS,-0.3625939106366158
2022,LOGN3,INDUSTRIALS,0.4872881355932195
2022,LPSB3,INDUSTRIALS,-0.1838565022421534
2022,LUPA3,INDUSTRIALS,-0.2593984962406009
2022,MDNE3,INDUSTRIALS,-0.0051369863013708
2022,MELK3,INDUSTRIALS,-0.1564102564102564
2022,MILS3,INDUSTRIALS,0.7887323943661957
2022,MOVI3,INDUSTRIALS,-0.5158428390367553
2022,MRVE3,INDUSTRIALS,-0.3666666666666665
2022,MTRE3,INDUSTRIALS,-0.5663082437275984
2022,MULT3,INDUSTRIALS,0.169871794871792
2022,MYPK3,INDUSTRIALS,-0.2332247557003258
2022,NEXP3,INDUSTRIALS,-0.5974025974025969
2022,PDGR3,INDUSTRIALS,-0.911764705882353
2022,PLPL3,INDUSTRIALS,0.224615384615384
2022,POMO3,INDUSTRIALS,-0.0400000000000002
2022,POMO4,INDUSTRIALS,-0.0721311475409831
2022,PORT3,INDUSTRIALS,0.1749452469711083
2022,PRNR3,INDUSTRIALS,-0.0469416785206281
2022,PTBL3,INDUSTRIALS,-0.1462655601659739
2022,RAIL3,INDUSTRIALS,0.0478603603603615
2022,RAPT3,INDUSTRIALS,-0.362838915470494
2022,RAPT4,INDUSTRIALS,-0.2447102115915366
2022,RCSL3,INDUSTRIALS,-0.7012302284710024
2022,RCSL4,INDUSTRIALS,-0.5774647887323937
2022,RDNI3,INDUSTRIALS,-0.3245098039215681
2022,RENT3,INDUSTRIALS,0.0037735849056621
2022,ROMI3,INDUSTRIALS,-0.1716458446496463
2022,RSID3,INDUSTRIALS,-0.7001055966209088
2022,RSUL4,INDUSTRIALS,-0.0841667749058316
2022,SEQL3,INDUSTRIALS,-0.7850070721357845
2022,SIMH3,INDUSTRIALS,-0.4212328767123287
2022,SOND5,INDUSTRIALS,-0.15194400735798
2022,SOND6,INDUSTRIALS,0.0291171473012932
2022,SYNE3,INDUSTRIALS,-0.4236111111111115
2022,TASA3,INDUSTRIALS,-0.459404324765402
2022,TASA4,INDUSTRIALS,-0.4586374695863747
2022,TCNO3,INDUSTRIALS,-0.3617021276595743
2022,TCNO4,INDUSTRIALS,-0.4444444444444447
2022,TCSA3,INDUSTRIALS,-0.2659279778393343
2022,TEND3,INDUSTRIALS,-0.7474566128067028
2022,TGMA3,INDUSTRIALS,0.2399232245681379
2022,TPIS3,INDUSTRIALS,-0.5734597156398104
2022,TRIS3,INDUSTRIALS,-0.4218487394957987
2022,UCAS3,INDUSTRIALS,-0.39667458432304
2022,VAMO3,INDUSTRIALS,0.0550918196994996
2022,VIVR3,INDUSTRIALS,-0.5999999999999996
2022,WEGE3,INDUSTRIALS,0.1676773802304423
2022,WHRL3,INDUSTRIALS,-0.2876304023845002
2022,WHRL4,INDUSTRIALS,-0.3750000000000001
2022,WLMM3,INDUSTRIALS,-0.3908880959266991
2022,WLMM4,INDUSTRIALS,-0.4299698795180728
2022,BALM3,MATERIALS,-0.0260947357600668
2022,BALM4,MATERIALS,-0.0575623962098207
2022,BRAP3,MATERIALS,0.1740128558310381
2022,BRAP4,MATERIALS,0.1892757102841127
2022,BRKM3,MATERIALS,-0.5547136563876645
2022,BRKM5,MATERIALS,-0.5877147319104625
2022,BRKM6,MATERIALS,0.2422448272470829
2022,CBAV3,MATERIALS,-0.1550841258229693
2022,CRPG5,MATERIALS,-0.5794894110821003
2022,CRPG6,MATERIALS,-0.6051722315488404
2022,DEXP3,MATERIALS,-0.3381364073006729
2022,DEXP4,MATERIALS,-0.3081201334816461
2022,EALT3,MATERIALS,-0.3341365461847393
2022,EALT4,MATERIALS,-0.1184210526315799
2022,FESA3,MATERIALS,0.1546755429913695
2022,FESA4,MATERIALS,0.0952478492421136
2022,FHER3,MATERIALS,-0.0598802395209587
2022,GGBR3,MATERIALS,0.0907877169559439
2022,GGBR4,MATERIALS,0.0774027879677183
2022,GOAU3,MATERIALS,0.1354656632173088
2022,GOAU4,MATERIALS,0.1397188049209143
2022,HETA4,MATERIALS,-0.4742138364779873
2022,KEPL3,MATERIALS,-0.4856923863055684
2022,KLBN11,MATERIALS,-0.2217459080280597
2022,MGEL4,MATERIALS,-0.1959183673469388
2022,MTSA4,MATERIALS,0.089967027790863
2022,MWET4,MATERIALS,-0.4151053864168608
2022,PATI3,MATERIALS,-0.2191520565934632
2022,PATI4,MATERIALS,-0.0454091088815595
2022,PMAM3,MATERIALS,-0.539070227497527
2022,RANI3,MATERIALS,0.1666666666666654
2022,SHUL4,MATERIALS,-0.4399524375743167
2022,SNSY3,MATERIALS,-0.3989342879891439
2022,SNSY5,MATERIALS,-0.3575525812619486
2022,SUZB3,MATERIALS,-0.1974713026118777
2022,TUPY3,MATERIALS,0.37092731829574
2022,UNIP3,MATERIALS,-0.2058139534883725
2022,UNIP5,MATERIALS,-0.0501204208391432
2022,UNIP6,MATERIALS,-0.1475203409531194
2022,USIM3,MATERIALS,-0.4893177119228125
2022,USIM5,MATERIALS,-0.5277044854881268
2022,USIM6,MATERIALS,-0.1515536809657274
2022,VALE3,MATERIALS,0.1400718317085683
2022,ATMP3,TECHNOLOGY,-0.5076923076923082
2022,BMOB3,TECHNOLOGY,-0.0604070912672343
2022,BOAS3,TECHNOLOGY,0.2099999999999995
2022,CASH3,TECHNOLOGY,-0.6358024691358026
2022,CLSA3,TECHNOLOGY,-0.374444444444445
2022,DOTZ3,TECHNOLOGY,-0.5186567164179106
2022,ELMD3,TECHNOLOGY,0.0229999999999996
2022,LWSA3,TECHNOLOGY,-0.4665653495440729
2022,MLAS3,TECHNOLOGY,-0.5173652694610782
2022,MOSI3,TECHNOLOGY,-0.0385064177362894
2022,NGRD3,TECHNOLOGY,-0.4334600760456267
2022,NINJ3,TECHNOLOGY,-0.4889298892988934
2022,POSI3,TECHNOLOGY,-0.1385321100917431
2022,SQIA3,TECHNOLOGY,-0.0907441016333947
2022,TOTS3,TECHNOLOGY,-0.0356145251396645
2022,TRAD3,TECHNOLOGY,-0.6287625418060201
2022,AESB3,UTILITIES,-0.1273712737127362
2022,AFLT3,UTILITIES,0.0450958286358513
2022,ALUP11,UTILITIES,0.171784232365149
2022,AMBP3,UTILITIES,-0.5045045045045045
2022,AURE3,UTILITIES,-0.1018292682926823
2022,CBEE3,UTILITIES,-0.3202151866730238
2022,CEBR3,UTILITIES,-0.3607277289836882
2022,CEBR5,UTILITIES,-0.2906903103229895
2022,CEBR6,UTILITIES,-0.3443579766536964
2022,CEEB3,UTILITIES,0.1835820895522384
2022,CEED3,UTILITIES,-0.1360364831035941
2022,CGAS3,UTILITIES,-0.0995575336656714
2022,CGAS5,UTILITIES,-0.1423841059602644
2022,CLSC3,UTILITIES,-0.1852858989768983
2022,CLSC4,UTILITIES,-0.176349463156345
2022,CMIG3,UTILITIES,-0.1279697624190071
2022,CMIG4,UTILITIES,-0.1502669717772703
2022,COCE5,UTILITIES,-0.2243071096574274
2022,CPFE3,UTILITIES,0.2374207976146114
2022,CPLE3,UTILITIES,0.1225490196078422
2022,CPLE5,UTILITIES,-0.298803706632744
2022,CPLE6,UTILITIES,0.2282608695652139
2022,CSMG3,UTILITIES,0.2344610542879632
2022,CSRN3,UTILITIES,0.5457550494238208
2022,CSRN5,UTILITIES,0.2571138589134862
2022,CSRN6,UTILITIES,0.3449383953087443
2022,EGIE3,UTILITIES,-0.013798489976568
2022,EKTR3,UTILITIES,-0.1907299548180846
2022,EKTR4,UTILITIES,0.1301359940614443
2022,ELET3,UTILITIES,0.2607003891050581
2022,ELET6,UTILITIES,0.3096031505604377
2022,EMAE4,UTILITIES,-0.1052770101329113
2022,ENBR3,UTILITIES,-0.0071633237822363
2022,ENEV3,UTILITIES,-0.1568904593639579
2022,ENGI11,UTILITIES,-0.0036060401171974
2022,ENGI3,UTILITIES,0.0277980980248695
2022,ENGI4,UTILITIES,-0.0286831812255526
2022,ENMT3,UTILITIES,0.0079002371204612
2022,ENMT4,UTILITIES,-0.0125458811608251
2022,EQTL3,UTILITIES,0.1950464396284845
2022,GEPA3,UTILITIES,-0.350654554072688
2022,GEPA4,UTILITIES,-0.1858006042296069
2022,GPAR3,UTILITIES,0.0251437844373625
2022,LIGT3,UTILITIES,-0.6059574468085112
2022,LIPR3,UTILITIES,-0.0067878142749671
2022,MEGA3,UTILITIES,-0.2411067193675886
2022,NEOE3,UTILITIES,-0.0462962962962958
2022,ORVR3,UTILITIES,0.2591078066914505
2022,POWE3,UTILITIES,0.0273327049952878
2022,REDE3,UTILITIES,-0.1743119266055041
2022,RNEW11,UTILITIES,-0.1450704225352102
2022,RNEW3,UTILITIES,-0.1781376518218628
2022,RNEW4,UTILITIES,-0.1135371179039311
2022,SAPR11,UTILITIES,-0.057902973395932
2022,SAPR3,UTILITIES,-0.0868421052631569
2022,SAPR4,UTILITIES,-0.0568475452196401
2022,SBSP3,UTILITIES,0.4225983076157269
2022,TAEE11,UTILITIES,-0.0467418201814667
2022,TAEE3,UTILITIES,-0.04042904290429
2022,TAEE4,UTILITIES,-0.0435139573070602
2022,TRPL3,UTILITIES,-0.0539215686274492
2022,TRPL4,UTILITIES,-0.0538872891814058
2023,BRIT3,COMMUNICATION,0.3589743589743581
2023,DESK3,COMMUNICATION,0.7650000000000008
2023,DTCY3,COMMUNICATION,0.022442477876106
2023,FIQE3,COMMUNICATION,0.0230769230769245
2023,OIBR3,COMMUNICATION,2.76470588235294
2023,OIBR4,COMMUNICATION,-0.6797879832462279
2023,PDTC3,COMMUNICATION,0.0098039215686287
2023,TELB3,COMMUNICATION,-0.0267246737103789
2023,TELB4,COMMUNICATION,0.2926108374384235
2023,TIMS3,COMMUNICATION,0.4459677419354846
2023,VIVT3,COMMUNICATION,0.3934810951760108
2023,VLID3,COMMUNICATION,1.2306855277475512
2023,ABEV3,CONSUMER,-0.0544077134986219
2023,AGRO3,CONSUMER,-0.108477970627503
2023,AGXY3,CONSUMER,-0.6318458417849897
2023,ALLD3,CONSUMER,0.256281407035176
2023,ALOS3,CONSUMER,0.1468682505399572
2023,ALPA3,CONSUMER,-0.1235294117647066
2023,ALPA4,CONSUMER,-0.3289124668435015
2023,AMER3,CONSUMER,-0.9056994818652848
2023,ANIM3,CONSUMER,0.1554404145077745
2023,ARZZ3,CONSUMER,-0.1753354632587843
2023,ASAI3,CONSUMER,-0.3050847457627123
2023,BAHI3,CONSUMER,-0.3699999999999998
2023,BAUH4,CONSUMER,-0.022995231057633
2023,BEEF3,CONSUMER,-0.4236111111111108
2023,BHIA3,CONSUMER,-0.3207997612652938
2023,BMKS3,CONSUMER,0.1391772151898747
2023,BRFS3,CONSUMER,0.6678743961352691
2023,CAMB3,CONSUMER,0.6507692307692301
2023,CAML3,CONSUMER,0.0205314009661843
2023,CEAB3,CONSUMER,2.419213973799119
2023,CEDO3,CONSUMER,3.267202700361528
2023,CEDO4,CONSUMER,6.098958333333336
2023,CGRA3,CONSUMER,-0.0831858407079653
2023,CGRA4,CONSUMER,-0.0003745318352065
2023,COGN3,CONSUMER,0.6462264150943369
2023,CRFB3,CONSUMER,-0.1576454668470908
2023,CSAN3,CONSUMER,0.130841121495326
2023,CSED3,CONSUMER,0.3802083333333361
2023,CTKA4,CONSUMER,0.853419108280258
2023,CTNM3,CONSUMER,-0.1742538079606315
2023,CTNM4,CONSUMER,-0.6978870821759617
2023,CTSA3,CONSUMER,0.9698113207547168
2023,CTSA4,CONSUMER,0.329268292682926
2023,CVCB3,CONSUMER,-0.2204899777282848
2023,DMVF3,CONSUMER,0.4498777506112457
2023,DOHL3,CONSUMER,-0.2307558293028424
2023,DOHL4,CONSUMER,0.1925754060324811
2023,ENJU3,CONSUMER,0.7422680412371152
2023,ESTR4,CONSUMER,-0.9047099513577196
2023,FRTA3,CONSUMER,-0.2074688796680506
2023,GMAT3,CONSUMER,0.1360759493670871
2023,GRND3,CONSUMER,0.1724709784411298
2023,GSHP3,CONSUMER,-0.1902132668411155
2023,GUAR3,CONSUMER,0.0030674846625775
2023,HOOT4,CONSUMER,1.428571428571428
2023,IFCM3,CONSUMER,-0.5013477088948777
2023,IGTI11,CONSUMER,0.3178378378378375
2023,IGTI3,CONSUMER,0.1320754716981134
2023,INTB3,CONSUMER,-0.2775041050903122
2023,JALL3,CONSUMER,0.0261780104712046
2023,JBSS3,CONSUMER,0.1327876307412465
2023,JOPA3,CONSUMER,-0.0465492504171617
2023,LAND3,CONSUMER,-0.405565217391304
2023,LJQQ3,CONSUMER,0.4952380952380957
2023,LREN3,CONSUMER,-0.1494140625000011
2023,MBLY3,CONSUMER,-0.3233333333333338
2023,MDIA3,CONSUMER,0.0781468043538931
2023,MEAL3,CONSUMER,-0.2928571428571426
2023,MGLU3,CONSUMER,-0.2116788321167878
2023,MNDL3,CONSUMER,0.3458974358974349
2023,MNPR3,CONSUMER,2.0777957860615834
2023,NUTR3,CONSUMER,-0.4787500000000004
2023,OFSA3,CONSUMER,0.0690505548705311
2023,PCAR3,CONSUMER,-0.2638357792476216
2023,PETZ3,CONSUMER,-0.369009584664536
2023,PFRM3,CONSUMER,0.6621253405994554
2023,PGMN3,CONSUMER,-0.0958904109589036
2023,PNVL3,CONSUMER,0.3175542406311644
2023,PTNT3,CONSUMER,0.2052689352360026
2023,PTNT4,CONSUMER,0.3599999999999974
2023,RADL3,CONSUMER,0.2394603709949414
2023,RAIZ4,CONSUMER,0.0775401069518715
2023,SBFG3,CONSUMER,-0.0821596244131446
2023,SEER3,CONSUMER,0.758389261744965
2023,SGPS3,CONSUMER,-0.0222222222222231
2023,SHOW3,CONSUMER,-0.1171548117154801
2023,SLCE3,CONSUMER,-0.598806224685568
2023,SLED3,CONSUMER,-0.5136363636363638
2023,SLED4,CONSUMER,-0.3305439330543938
2023,SMFT3,CONSUMER,0.9153789551140574
2023,SMTO3,CONSUMER,0.105203619909503
2023,SOJA3,CONSUMER,0.5605769230769231
2023,SOMA3,CONSUMER,-0.2652859960552273
2023,TECN3,CONSUMER,0.6603773584905688
2023,TEKA4,CONSUMER,-0.0143047534429144
2023,TFCO4,CONSUMER,0.4314285714285706
2023,TTEN3,CONSUMER,0.2918454935622332
2023,TXRX4,CONSUMER,-0.1715041443198435
2023,VBBR3,CONSUMER,0.4636655948553043
2023,VITT3,CONSUMER,-0.1799999999999993
2023,VIVA3,CONSUMER,0.5269728042799828
2023,VSTE3,CONSUMER,0.5777262180974494
2023,VULC3,CONSUMER,0.6137820512820518
2023,VVEO3,CONSUMER,-0.1351518908865472
2023,WEST3,CONSUMER,0.1596638655462194
2023,YDUQ3,CONSUMER,1.2045231071779727
2023,ZAMP3,CONSUMER,0.0458715596330288
2023,ENAT3,ENERGY,0.4881481481481462
2023,OPCT3,ENERGY,1.22027972027972
2023,PETR3,ENERGY,0.3901569186875879
2023,PETR4,ENERGY,0.52
2023,PRIO3,ENERGY,0.2375705455522703
2023,RECV3,ENERGY,-0.3444008451554489
2023,RPMG3,ENERGY,0.2470588235294113
2023,RRRP3,ENERGY,-0.3038410596026488
2023,UGPA3,ENERGY,1.1022997620935824
2023,ABCB4,FINANCIALS,0.2749490835030572
2023,APER3,FINANCIALS,0.6070370370370375
2023,BAZA3,FINANCIALS,0.901901901901904
2023,BBAS3,FINANCIALS,0.5948747480564349
2023,BBDC3,FINANCIALS,0.1343726800296969
2023,BBDC4,FINANCIALS,0.1280528052805303
2023,BBSE3,FINANCIALS,-0.0017798872738067
2023,BEES3,FINANCIALS,0.7264492753623171
2023,BEES4,FINANCIALS,0.5523076923076924
2023,BGIP3,FINANCIALS,0.0118720896192812
2023,BGIP4,FINANCIALS,0.3224489795918386
2023,BMEB3,FINANCIALS,1.079041003461731
2023,BMEB4,FINANCIALS,0.6856287425149696
2023,BMGB4,FINANCIALS,0.4863636363636376
2023,BMIN3,FINANCIALS,0.183634082123582
2023,BMIN4,FINANCIALS,0.3629789429913519
2023,BNBR3,FINANCIALS,0.4349438144715729
2023,BPAN4,FINANCIALS,0.423393739703461
2023,BRBI11,FINANCIALS,0.2718932443703081
2023,BRGE11,FINANCIALS,0.5175637954245582
2023,BRGE12,FINANCIALS,0.1035101085739544
2023,BRGE3,FINANCIALS,0.1860402042950479
2023,BRGE6,FINANCIALS,0.0551520881158493
2023,BRGE8,FINANCIALS,0.1607935633316983
2023,BRIV3,FINANCIALS,0.2107581762318984
2023,BRIV4,FINANCIALS,0.1614639397201285
2023,BRSR3,FINANCIALS,0.2941176470588238
2023,BRSR5,FINANCIALS,0.2493161037565863
2023,BRSR6,FINANCIALS,0.3762886597938153
2023,BSLI3,FINANCIALS,-0.247781442848344
2023,BSLI4,FINANCIALS,-0.1538589194403247
2023,CIEL3,FINANCIALS,-0.1049618320610697
2023,CRIV3,FINANCIALS,0.1940078590851999
2023,CRIV4,FINANCIALS,0.1550539271194937
2023,CSAB3,FINANCIALS,-0.2737066285473082
2023,CSAB4,FINANCIALS,0.5334383261001725
2023,CXSE3,FINANCIALS,0.5449101796407154
2023,HBTS5,FINANCIALS,0.8588001255090396
2023,IRBR3,FINANCIALS,1.171614413122768
2023,ITSA3,FINANCIALS,0.161797752808988
2023,ITSA4,FINANCIALS,0.2185663924794338
2023,ITUB3,FINANCIALS,0.3174965737779815
2023,ITUB4,FINANCIALS,0.3587999999999993
2023,MERC4,FINANCIALS,0.0441554330067952
2023,MODL3,FINANCIALS,0.3936651583710422
2023,PINE4,FINANCIALS,1.6646341463414664
2023,PSSA3,FINANCIALS,0.2414686825054004
2023,QUAL3,FINANCIALS,-0.4207836456558774
2023,RPAD3,FINANCIALS,0.4761069963332198
2023,RPAD5,FINANCIALS,0.0469635278305224
2023,RPAD6,FINANCIALS,0.2500485588574785
2023,SANB11,FINANCIALS,0.1457963816956367
2023,WIZC3,FINANCIALS,0.0661764705882357
2023,AALR3,HEALTHCARE,-0.5185185185185184
2023,BIOM3,HEALTHCARE,-0.1487481590574384
2023,BLAU3,HEALTHCARE,-0.3765197568389065
2023,BOBR4,HEALTHCARE,0.6585365853658529
2023,DASA3,HEALTHCARE,-0.2993445010924971
2023,ESPA3,HEALTHCARE,-0.0827067669172941
2023,FLRY3,HEALTHCARE,0.1676375404530747
2023,HAPV3,HEALTHCARE,-0.1240157480314958
2023,HYPE3,HEALTHCARE,-0.2090707964601772
2023,KRSA3,HEALTHCARE,0.6666666666666636
2023,MATD3,HEALTHCARE,0.1581137309292659
2023,NTCO3,HEALTHCARE,0.4547803617571062
2023,ODPV3,HEALTHCARE,0.2868217054263589
2023,ONCO3,HEALTHCARE,1.155887230514093
2023,PARD3,HEALTHCARE,-0.0380047505938251
2023,RDOR3,HEALTHCARE,-0.0277214334009452
2023,AERI3,INDUSTRIALS,-0.2035398230088507
2023,ALPK3,INDUSTRIALS,2.064102564102563
2023,ARML3,INDUSTRIALS,0.4510638297872353
2023,AVLL3,INDUSTRIALS,-0.3100995732574688
2023,AZEV3,INDUSTRIALS,0.4068965517241365
2023,AZEV4,INDUSTRIALS,0.4518518518518495
2023,AZUL4,INDUSTRIALS,0.4541326067211604
2023,BDLL3,INDUSTRIALS,-0.0140496227258473
2023,BDLL4,INDUSTRIALS,0.447769247849977
2023,CALI3,INDUSTRIALS,0.4142502826666534
2023,CCRO3,INDUSTRIALS,0.3105360443622929
2023,CRDE3,INDUSTRIALS,0.0146764509673111
2023,CURY3,INDUSTRIALS,0.4210110584518158
2023,CYRE3,INDUSTRIALS,0.8423871461361909
2023,DIRR3,INDUSTRIALS,0.4315856777493592
2023,DXCO3,INDUSTRIALS,0.1902654867256645
2023,ECOR3,INDUSTRIALS,1.1168539325842737
2023,EMBR3,INDUSTRIALS,0.564640111809924
2023,ETER3,INDUSTRIALS,-0.2039289055191774
2023,EUCA3,INDUSTRIALS,0.3598326359832655
2023,EUCA4,INDUSTRIALS,0.8760330578512407
2023,EVEN3,INDUSTRIALS,0.790393013100434
2023,EZTC3,INDUSTRIALS,0.3924050632911418
2023,FRAS3,INDUSTRIALS,0.7689906347554629
2023,FRIO3,INDUSTRIALS,3.3259318119575374
2023,GFSA3,INDUSTRIALS,0.052525252525253
2023,GOLL4,INDUSTRIALS,0.2220708446866481
2023,HBOR3,INDUSTRIALS,0.7303921568627432
2023,HBRE3,INDUSTRIALS,0.3458980044345883
2023,HBSA3,INDUSTRIALS,0.7433628318584045
2023,IGBR3,INDUSTRIALS,4.176176470588239
2023,INEP3,INDUSTRIALS,2.512396694214878
2023,JFEN3,INDUSTRIALS,2.0714285714285694
2023,JHSF3,INDUSTRIALS,0.1095617529880474
2023,JSLG3,INDUSTRIALS,1.2595281306715078
2023,LAVV3,INDUSTRIALS,0.8469601677148846
2023,LEVE3,INDUSTRIALS,0.1485212869678267
2023,LOGG3,INDUSTRIALS,0.4143920595533477
2023,LOGN3,INDUSTRIALS,0.0965811965811969
2023,LPSB3,INDUSTRIALS,0.3846153846153854
2023,LUPA3,INDUSTRIALS,-0.4263959390862952
2023,MDNE3,INDUSTRIALS,1.2943201376936306
2023,MELK3,INDUSTRIALS,0.4589665653495456
2023,MILS3,INDUSTRIALS,0.1881014873140849
2023,MOVI3,INDUSTRIALS,0.5562827225130864
2023,MRVE3,INDUSTRIALS,0.4776315789473706
2023,MTRE3,INDUSTRIALS,0.696969696969697
2023,MULT3,INDUSTRIALS,0.2977168949771716
2023,MYPK3,INDUSTRIALS,0.0951571792693293
2023,NEXP3,INDUSTRIALS,-0.6315695524671681
2023,PDGR3,INDUSTRIALS,-0.953125
2023,PLPL3,INDUSTRIALS,1.934673366834172
2023,POMO3,INDUSTRIALS,1.3333333333333304
2023,POMO4,INDUSTRIALS,1.4911660777385118
2023,PORT3,INDUSTRIALS,0.6151711378353355
2023,PRNR3,INDUSTRIALS,0.7462686567164181
2023,PTBL3,INDUSTRIALS,-0.0935601458080195
2023,RAIL3,INDUSTRIALS,0.2332079527135928
2023,RAPT3,INDUSTRIALS,0.5018773466833559
2023,RAPT4,INDUSTRIALS,0.5590742996345943
2023,RCSL3,INDUSTRIALS,0.4117647058823528
2023,RCSL4,INDUSTRIALS,0.4666666666666657
2023,RDNI3,INDUSTRIALS,-0.3323657474600866
2023,RENT3,INDUSTRIALS,0.1954887218045127
2023,ROMI3,INDUSTRIALS,-0.1206557377049181
2023,RSID3,INDUSTRIALS,0.4154929577464814
2023,RSUL4,INDUSTRIALS,0.0849524890086514
2023,SEQL3,INDUSTRIALS,-0.8750000000000002
2023,SIMH3,INDUSTRIALS,0.4245562130177511
2023,SOND5,INDUSTRIALS,0.286008230452675
2023,SYNE3,INDUSTRIALS,0.1542168674698805
2023,TASA3,INDUSTRIALS,0.1290566037735827
2023,TASA4,INDUSTRIALS,0.1385767790262171
2023,TCSA3,INDUSTRIALS,0.5169811320754731
2023,TEND3,INDUSTRIALS,2.514218009478671
2023,TGMA3,INDUSTRIALS,0.4597523219814263
2023,TPIS3,INDUSTRIALS,3.666666666666664
2023,TRIS3,INDUSTRIALS,0.6860465116279042
2023,UCAS3,INDUSTRIALS,0.0354330708661421
2023,VAMO3,INDUSTRIALS,-0.2033227848101255
2023,VIVR3,INDUSTRIALS,9.380000000000008
2023,WEGE3,INDUSTRIALS,-0.0415476499610495
2023,WHRL3,INDUSTRIALS,-0.0794979079497913
2023,WHRL4,INDUSTRIALS,-0.0740000000000011
2023,WLMM3,INDUSTRIALS,0.2464806209908823
2023,WLMM4,INDUSTRIALS,0.3513870541611641
2023,BALM3,MATERIALS,0.2489305315895305
2023,BALM4,MATERIALS,0.2131235067139989
2023,BRAP3,MATERIALS,-0.0868204927649609
2023,BRAP4,MATERIALS,-0.1366083445491247
2023,BRKM3,MATERIALS,-0.1416699643846455
2023,BRKM5,MATERIALS,-0.0799663299663285
2023,BRKM6,MATERIALS,-0.3622607697300124
2023,CBAV3,MATERIALS,-0.5584415584415584
2023,CRPG5,MATERIALS,0.3025181096929981
2023,CRPG6,MATERIALS,0.3249370277078078
2023,DEXP3,MATERIALS,0.6865021770682131
2023,DEXP4,MATERIALS,0.8022508038585201
2023,EALT3,MATERIALS,0.0694634146341461
2023,EALT4,MATERIALS,0.3925373134328369
2023,FESA3,MATERIALS,-0.1065388990034693
2023,FESA4,MATERIALS,-0.1305404899943899
2023,FHER3,MATERIALS,-0.5715112912565141
2023,GGBR3,MATERIALS,-0.1285189718482251
2023,GGBR4,MATERIALS,-0.1910112359550561
2023,GOAU3,MATERIALS,-0.0820215410107706
2023,GOAU4,MATERIALS,-0.1626831148804928
2023,HETA4,MATERIALS,0.8601043850140646
2023,KEPL3,MATERIALS,-0.457029309488326
2023,KLBN11,MATERIALS,0.1126690035052591
2023,MGEL4,MATERIALS,0.1252115059221656
2023,MTSA4,MATERIALS,0.0496974935177203
2023,MWET4,MATERIALS,-0.34934934934935
2023,PATI3,MATERIALS,0.0366865749631259
2023,PATI4,MATERIALS,-0.2092641732496292
2023,PMAM3,MATERIALS,-0.0686695278969935
2023,RANI3,MATERIALS,0.3565217391304318
2023,SHUL4,MATERIALS,0.4968152866242037
2023,SNSY3,MATERIALS,0.267538341359393
2023,SNSY5,MATERIALS,0.163064971751415
2023,SUZB3,MATERIALS,0.1531923714759537
2023,TKNO4,MATERIALS,0.0763759968928248
2023,TUPY3,MATERIALS,0.0632541133455204
2023,UNIP3,MATERIALS,-0.1411664226451932
2023,UNIP5,MATERIALS,-0.1569339169424576
2023,UNIP6,MATERIALS,-0.1297579820474935
2023,USIM3,MATERIALS,0.2415654520917682
2023,USIM5,MATERIALS,0.2974860335195555
2023,USIM6,MATERIALS,0.1354436550394973
2023,VALE3,MATERIALS,-0.1314131413141307
2023,ATMP3,TECHNOLOGY,2.515625000000002
2023,BMOB3,TECHNOLOGY,-0.0216631726065663
2023,BOAS3,TECHNOLOGY,0.0950413223140487
2023,CASH3,TECHNOLOGY,-0.3337570621468936
2023,CLSA3,TECHNOLOGY,-0.3339253996447594
2023,DOTZ3,TECHNOLOGY,5.124031007751926
2023,ELMD3,TECHNOLOGY,0.5307917888563058
2023,LWSA3,TECHNOLOGY,-0.1438746438746428
2023,MLAS3,TECHNOLOGY,-0.4813895781637721
2023,NGRD3,TECHNOLOGY,-0.1610738255033555
2023,NINJ3,TECHNOLOGY,0.7870036101083036
2023,POSI3,TECHNOLOGY,-0.258785942492013
2023,SQIA3,TECHNOLOGY,0.821024617431805
2023,TOTS3,TECHNOLOGY,0.2197682838522801
2023,TRAD3,TECHNOLOGY,-0.6081081081081086
2023,AESB3,UTILITIES,0.2753623188405794
2023,AFLT3,UTILITIES,-0.0501360107924021
2023,ALUP11,UTILITIES,0.1157932011331455
2023,AMBP3,UTILITIES,-0.2224880382775129
2023,AURE3,UTILITIES,-0.096401900882553
2023,CBEE3,UTILITIES,0.8897048380062937
2023,CEBR3,UTILITIES,0.7124631992149153
2023,CEBR5,UTILITIES,0.4196428571428583
2023,CEBR6,UTILITIES,0.7606330365974305
2023,CEEB3,UTILITIES,0.0264817150063054
2023,CEED3,UTILITIES,-0.3214441196398706
2023,CGAS3,UTILITIES,-0.128313366356115
2023,CGAS5,UTILITIES,-0.0396138996138993
2023,CLSC3,UTILITIES,0.1981510105951403
2023,CLSC4,UTILITIES,0.1669642857142859
2023,CMIG3,UTILITIES,-0.0631578947368423
2023,CMIG4,UTILITIES,0.0305206463195675
2023,COCE5,UTILITIES,-0.0368397691966255
2023,CPFE3,UTILITIES,0.1599397590361455
2023,CPLE3,UTILITIES,0.3813682678311487
2023,CPLE5,UTILITIES,0.0446572770980961
2023,CPLE6,UTILITIES,0.3097345132743361
2023,CSMG3,UTILITIES,0.3052899936265134
2023,CSRN3,UTILITIES,0.3583950395398991
2023,CSRN5,UTILITIES,0.1424491189741012
2023,CSRN6,UTILITIES,0.5545000347876787
2023,EGIE3,UTILITIES,0.1966737064413952
2023,EKTR3,UTILITIES,-0.0017581009483843
2023,EKTR4,UTILITIES,0.1258181552990935
2023,ELET3,UTILITIES,0.0073599240265898
2023,ELET5,UTILITIES,0.0397994642857144
2023,ELET6,UTILITIES,0.0867453157529476
2023,EMAE4,UTILITIES,-0.1322253272540097
2023,ENEV3,UTILITIES,0.1408214585079632
2023,ENGI11,UTILITIES,0.2175978285455782
2023,ENGI3,UTILITIES,0.3209964412811399
2023,ENGI4,UTILITIES,0.1973154362416074
2023,ENMT3,UTILITIES,-0.0491442915734836
2023,ENMT4,UTILITIES,-0.1403120372394996
2023,EQTL3,UTILITIES,0.3219837157661009
2023,GEPA3,UTILITIES,0.0324793795947881
2023,GEPA4,UTILITIES,-0.0315398886827454
2023,GPAR3,UTILITIES,0.0477671628526994
2023,LIGT3,UTILITIES,0.7278617710583148
2023,LIPR3,UTILITIES,0.2059073724823008
2023,NEOE3,UTILITIES,0.3812297734627823
2023,ORVR3,UTILITIES,0.1414230882787122
2023,REDE3,UTILITIES,0.1513043478260867
2023,RNEW11,UTILITIES,-0.3838550247116971
2023,RNEW3,UTILITIES,-0.3891625615763537
2023,RNEW4,UTILITIES,-0.3645320197044329
2023,SAPR11,UTILITIES,0.6162790697674418
2023,SAPR3,UTILITIES,0.6167146974063409
2023,SAPR4,UTILITIES,0.6136986301369869
2023,SBSP3,UTILITIES,0.3185794261721484
2023,SRNA3,UTILITIES,0.1446188340807175
2023,TAEE11,UTILITIES,0.1070089414479362
2023,TAEE3,UTILITIES,0.1006018916595017
2023,TAEE4,UTILITIES,0.1012875536480677
2023,TRPL3,UTILITIES,0.2245250431778902
2023,TRPL4,UTILITIES,0.1521739130434798
2024,BRIT3,COMMUNICATION,-0.1752021563342322
2024,DESK3,COMMUNICATION,-0.259206798866855
2024,DTCY3,COMMUNICATION,-0.3244133967067609
2024,FIQE3,COMMUNICATION,-0.1228070175438594
2024,OIBR3,COMMUNICATION,-0.858812779845714
2024,OIBR4,COMMUNICATION,4.527607361963192
2024,PDTC3,COMMUNICATION,-0.5922330097087386
2024,TELB3,COMMUNICATION,-0.1826309067688379
2024,TELB4,COMMUNICATION,-0.4435975609756089
2024,TIMS3,COMMUNICATION,-0.1924149470161736
2024,VIVT3,COMMUNICATION,-0.1248128742514956
2024,ABEV3,CONSUMER,-0.1449380917698471
2024,AGRO3,CONSUMER,-0.1718457506551849
2024,AGXY3,CONSUMER,-0.8760330578512396
2024,AHEB3,CONSUMER,0.540177156739496
2024,AHEB5,CONSUMER,0.1721342512908776
2024,ALLD3,CONSUMER,-0.0866666666666672
2024,ALOS3,CONSUMER,-0.3178907721280605
2024,ALPA3,CONSUMER,-0.4439117929050804
2024,ALPA4,CONSUMER,-0.371541501976285
2024,AMER3,CONSUMER,5.813186813186821
2024,ANIM3,CONSUMER,-0.6457399103139014
2024,ASAI3,CONSUMER,-0.5838876570583889
2024,ATED3,CONSUMER,-0.1146496815286625
2024,AZZA3,CONSUMER,-0.412978765628101
2024,BAHI3,CONSUMER,-0.4493284493284493
2024,BAUH4,CONSUMER,0.0081639028726794
2024,BEEF3,CONSUMER,-0.3186077643908964
2024,BHIA3,CONSUMER,-0.7460456942003515
2024,BMKS3,CONSUMER,-0.1027279293294087
2024,BRFS3,CONSUMER,0.8363504706734224
2024,CAMB3,CONSUMER,-0.0223671947809898
2024,CAML3,CONSUMER,-0.3076923076923085
2024,CEAB3,CONSUMER,0.0280970625798224
2024,CEDO3,CONSUMER,0.0991775635724632
2024,CEDO4,CONSUMER,-0.1356076785651186
2024,CGRA3,CONSUMER,-0.0123552123552118
2024,CGRA4,CONSUMER,-0.0322218059198196
2024,COGN3,CONSUMER,-0.6876790830945562
2024,CRFB3,CONSUMER,-0.563855421686747
2024,CSAN3,CONSUMER,-0.5785123966942152
2024,CSED3,CONSUMER,-0.3962264150943394
2024,CTKA3,CONSUMER,0.8291239416932195
2024,CTKA4,CONSUMER,0.0836933541685807
2024,CTNM3,CONSUMER,0.1018514738198201
2024,CTNM4,CONSUMER,-0.4624999999999997
2024,CTSA3,CONSUMER,-0.6839080459770116
2024,CTSA4,CONSUMER,-0.63302752293578
2024,CVCB3,CONSUMER,-0.6057142857142856
2024,DMVF3,CONSUMER,0.0370994940978068
2024,DOHL3,CONSUMER,0.3209704340250858
2024,DOHL4,CONSUMER,-0.2101167315175101
2024,ENJU3,CONSUMER,-0.3786982248520717
2024,ESTR4,CONSUMER,-0.0034449760765554
2024,FRTA3,CONSUMER,-0.3141361256544503
2024,GMAT3,CONSUMER,-0.1100278551532043
2024,GRND3,CONSUMER,-0.3097595473833083
2024,GSHP3,CONSUMER,-0.5544409436441117
2024,GUAR3,CONSUMER,-0.0535168195718641
2024,HOOT4,CONSUMER,-0.1903114186851217
2024,IFCM3,CONSUMER,-0.9675675675675676
2024,IGTI11,CONSUMER,-0.2916324856439704
2024,IGTI3,CONSUMER,-0.3033333333333328
2024,IGTI4,CONSUMER,-0.248888207956693
2024,INTB3,CONSUMER,-0.4190909090909077
2024,JALL3,CONSUMER,-0.4081632653061228
2024,JBSS3,CONSUMER,0.4572460859092742
2024,JOPA3,CONSUMER,-0.0241871391471975
2024,LAND3,CONSUMER,-0.1772966647162076
2024,LJQQ3,CONSUMER,-0.6560509554140124
2024,LREN3,CONSUMER,-0.3042479908151537
2024,MBLY3,CONSUMER,-0.2266009852216743
2024,MDIA3,CONSUMER,-0.4809733367848826
2024,MEAL3,CONSUMER,-0.5101010101010107
2024,MGLU3,CONSUMER,-0.6979298690325303
2024,MNDL3,CONSUMER,-0.6767003238712134
2024,MNPR3,CONSUMER,0.1263823064770934
2024,NUTR3,CONSUMER,-0.0599520383693044
2024,OFSA3,CONSUMER,-0.2560553633218004
2024,PCAR3,CONSUMER,-0.3719211822660083
2024,PETZ3,CONSUMER,0.0303797468354427
2024,PFRM3,CONSUMER,0.063934426229508
2024,PGMN3,CONSUMER,-0.2020202020202014
2024,PNVL3,CONSUMER,-0.3413173652694612
2024,PTNT3,CONSUMER,-0.2258652094717672
2024,PTNT4,CONSUMER,-0.2941176470588227
2024,RADL3,CONSUMER,-0.2517006802721089
2024,RAIZ4,CONSUMER,-0.4640198511166247
2024,SBFG3,CONSUMER,-0.0861040068201216
2024,SEER3,CONSUMER,-0.4274809160305343
2024,SGPS3,CONSUMER,0.2424242424242433
2024,SHOW3,CONSUMER,-0.6824644549763033
2024,SLCE3,CONSUMER,-0.0701381509032944
2024,SMFT3,CONSUMER,-0.3484441029581254
2024,SMTO3,CONSUMER,-0.2064141931081521
2024,SOJA3,CONSUMER,-0.3592113370301909
2024,SOMA3,CONSUMER,-0.2026845637583888
2024,TECN3,CONSUMER,0.5653409090909127
2024,TEKA4,CONSUMER,0.8219301401799275
2024,TFCO4,CONSUMER,-0.4091816367265467
2024,TTEN3,CONSUMER,0.1411960132890388
2024,TXRX4,CONSUMER,-0.2222222222222223
2024,VBBR3,CONSUMER,-0.2161687170474515
2024,VITT3,CONSUMER,-0.4934333958724207
2024,VIVA3,CONSUMER,-0.437956204379562
2024,VSTE3,CONSUMER,-0.6176470588235298
2024,VTRU3,CONSUMER,-0.5433654558932539
2024,VULC3,CONSUMER,-0.2288977159880834
2024,VVEO3,CONSUMER,-0.8530465949820791
2024,WEST3,CONSUMER,-0.6376811594202904
2024,YDUQ3,CONSUMER,-0.6186440677966105
2024,ZAMP3,CONSUMER,-0.6035087719298246
2024,BRAV3,ENERGY,0.0715261958997723
2024,ENAT3,ENERGY,0.0771528123444502
2024,OPCT3,ENERGY,-0.1669291338582665
2024,PETR3,ENERGY,0.0110312981015903
2024,PETR4,ENERGY,-0.0281954887218046
2024,PRIO3,ENERGY,-0.1281216069489682
2024,RECV3,ENERGY,-0.2536832412523018
2024,RPMG3,ENERGY,0.2688679245283036
2024,UGPA3,ENERGY,-0.4009807619766126
2024,ABCB4,FINANCIALS,-0.2288338658146956
2024,APER3,FINANCIALS,0.0774371975109475
2024,BAZA3,FINANCIALS,-0.095263157894736
2024,BBAS3,FINANCIALS,-0.5636396461455138
2024,BBDC3,FINANCIALS,-0.3036649214659684
2024,BBDC4,FINANCIALS,-0.3235810415447624
2024,BBSE3,FINANCIALS,0.0751857355126288
2024,BEES3,FINANCIALS,-0.1059811122770201
2024,BEES4,FINANCIALS,-0.1377601585728455
2024,BGIP3,FINANCIALS,-0.007721244868352
2024,BGIP4,FINANCIALS,0.0582010582010603
2024,BMEB3,FINANCIALS,0.5446995603321934
2024,BMEB4,FINANCIALS,1.238010657193609
2024,BMGB4,FINANCIALS,0.1406727828746177
2024,BMIN3,FINANCIALS,-0.0339227202621643
2024,BMIN4,FINANCIALS,0.0286062081558124
2024,BNBR3,FINANCIALS,0.0303480918256078
2024,BPAN4,FINANCIALS,-0.2662037037037046
2024,BRBI11,FINANCIALS,-0.1383606557377052
2024,BRGE11,FINANCIALS,0.2489841334700948
2024,BRGE12,FINANCIALS,0.2816251954631135
2024,BRGE3,FINANCIALS,0.1999999999999999
2024,BRGE6,FINANCIALS,0.1618705035971219
2024,BRIV3,FINANCIALS,0.1852534562211971
2024,BRIV4,FINANCIALS,0.1621872103799815
2024,BRSR3,FINANCIALS,-0.1594516594516608
2024,BRSR5,FINANCIALS,-0.2881798043964731
2024,BRSR6,FINANCIALS,-0.235955056179775
2024,BSLI3,FINANCIALS,-0.3748043818466352
2024,BSLI4,FINANCIALS,-0.5895637437558036
2024,CRIV3,FINANCIALS,0.201362821981379
2024,CRIV4,FINANCIALS,0.1742160278745657
2024,CXSE3,FINANCIALS,0.1046511627906949
2024,HBTS5,FINANCIALS,-0.254780895594731
2024,IRBR3,FINANCIALS,-0.0417607223476307
2024,ITSA3,FINANCIALS,-0.1305609284332688
2024,ITSA4,FINANCIALS,-0.1485053037608502
2024,ITUB3,FINANCIALS,-0.0672676837725374
2024,ITUB4,FINANCIALS,-0.0953782749484843
2024,MERC4,FINANCIALS,-0.181732676427199
2024,NINJ3,FINANCIALS,0.0141414141414142
2024,PINE3,FINANCIALS,-0.120458891013384
2024,PINE4,FINANCIALS,0.0205949656750588
2024,PSSA3,FINANCIALS,0.2717466945024382
2024,QUAL3,FINANCIALS,-0.5529411764705878
2024,RPAD3,FINANCIALS,-0.0316623497694128
2024,RPAD5,FINANCIALS,0.5050074305208339
2024,RPAD6,FINANCIALS,0.2502079883538928
2024,SANB11,FINANCIALS,-0.2625386996904035
2024,WIZC3,FINANCIALS,-0.2317241379310339
2024,AALR3,HEALTHCARE,-0.1778846153846159
2024,BIOM3,HEALTHCARE,0.8442906574394455
2024,BLAU3,HEALTHCARE,-0.1986593540524083
2024,BOBR4,HEALTHCARE,-0.0784313725490182
2024,DASA3,HEALTHCARE,-0.8024948024948022
2024,ESPA3,HEALTHCARE,-0.3934426229508189
2024,FLRY3,HEALTHCARE,-0.3309312638580929
2024,HAPV3,HEALTHCARE,-0.498876404494383
2024,HYPE3,HEALTHCARE,-0.4939860139860128
2024,KRSA3,HEALTHCARE,5.307692307692313
2024,MATD3,HEALTHCARE,-0.5640718562874256
2024,NTCO3,HEALTHCARE,-0.2445233866193011
2024,ODPV3,HEALTHCARE,-0.0654044750430292
2024,ONCO3,HEALTHCARE,-0.8200000000000003
2024,RDOR3,HEALTHCARE,-0.1161335187760779
2024,AERI3,INDUSTRIALS,5.344444444444436
2024,ALPK3,INDUSTRIALS,-0.5376569037656895
2024,ARML3,INDUSTRIALS,-0.7049853372434013
2024,AVLL3,INDUSTRIALS,-0.4391752577319587
2024,AZEV3,INDUSTRIALS,-0.5392156862745101
2024,AZEV4,INDUSTRIALS,-0.5204081632653057
2024,AZUL4,INDUSTRIALS,-0.7788881948782014
2024,BDLL3,INDUSTRIALS,0.0407999999999999
2024,BDLL4,INDUSTRIALS,0.087196731478651
2024,CALI3,INDUSTRIALS,0.3196311406695356
2024,CCRO3,INDUSTRIALS,-0.282792665726375
2024,CURY3,INDUSTRIALS,-0.0294608115619774
2024,CYRE3,INDUSTRIALS,-0.29609634551495
2024,DIRR3,INDUSTRIALS,0.1880303707012069
2024,DXCO3,INDUSTRIALS,-0.261462205700123
2024,ECOR3,INDUSTRIALS,-0.5498938428874739
2024,EMBR3,INDUSTRIALS,1.5096025011165732
2024,ETER3,INDUSTRIALS,-0.4030552291421851
2024,EUCA3,INDUSTRIALS,0.0455384615384606
2024,EUCA4,INDUSTRIALS,-0.1233480176211468
2024,EVEN3,INDUSTRIALS,-0.3463414634146348
2024,EZTC3,INDUSTRIALS,-0.4208556149732609
2024,FRAS3,INDUSTRIALS,0.205882352941175
2024,FRIO3,INDUSTRIALS,1.011780595522469
2024,GFSA3,INDUSTRIALS,-0.8867562380038387
2024,GOLL4,INDUSTRIALS,-0.5618729096989965
2024,HBOR3,INDUSTRIALS,-0.609065155807365
2024,HBRE3,INDUSTRIALS,-0.5090609555189451
2024,HBSA3,INDUSTRIALS,-0.302030456852793
2024,INEP3,INDUSTRIALS,-0.6658823529411765
2024,JFEN3,INDUSTRIALS,-0.9469767441860464
2024,JHSF3,INDUSTRIALS,-0.3429084380610419
2024,JSLG3,INDUSTRIALS,-0.5654618473895584
2024,LAVV3,INDUSTRIALS,-0.1498297389330302
2024,LEVE3,INDUSTRIALS,-0.2229767968307873
2024,LOGG3,INDUSTRIALS,-0.2100877192982454
2024,LOGN3,INDUSTRIALS,-0.4616783580150688
2024,LPSB3,INDUSTRIALS,-0.4047619047619051
2024,LUPA3,INDUSTRIALS,-0.477876106194692
2024,MDNE3,INDUSTRIALS,-0.1897974493623401
2024,MELK3,INDUSTRIALS,-0.2604166666666678
2024,MILS3,INDUSTRIALS,-0.3689248895434456
2024,MOVI3,INDUSTRIALS,-0.7022708158116062
2024,MRVE3,INDUSTRIALS,-0.5271593944790746
2024,MTRE3,INDUSTRIALS,-0.5292207792207795
2024,MULT3,INDUSTRIALS,-0.2582688247712883
2024,MYPK3,INDUSTRIALS,-0.1249030256012418
2024,NEXP3,INDUSTRIALS,-0.2500000000000002
2024,PDGR3,INDUSTRIALS,-0.9972222222222222
2024,PLPL3,INDUSTRIALS,-0.2148972602739739
2024,POMO3,INDUSTRIALS,0.005357142857143
2024,POMO4,INDUSTRIALS,0.0468085106382984
2024,PORT3,INDUSTRIALS,-0.065864833906071
2024,PRNR3,INDUSTRIALS,0.1461538461538452
2024,PTBL3,INDUSTRIALS,-0.5093833780160852
2024,RAIL3,INDUSTRIALS,-0.2226579520697172
2024,RAPT3,INDUSTRIALS,-0.3150000000000004
2024,RAPT4,INDUSTRIALS,-0.226562500000001
2024,RCSL3,INDUSTRIALS,1.6666666666666674
2024,RCSL4,INDUSTRIALS,0.2045454545454548
2024,RDNI3,INDUSTRIALS,-0.5543478260869563
2024,RENT3,INDUSTRIALS,-0.4937106918238996
2024,ROMI3,INDUSTRIALS,-0.3706189410887398
2024,RSID3,INDUSTRIALS,-0.3034825870646771
2024,RSUL4,INDUSTRIALS,-0.2811764705882354
2024,SEQL3,INDUSTRIALS,-0.6795568734041679
2024,SIMH3,INDUSTRIALS,-0.6355140186915887
2024,SOND5,INDUSTRIALS,0.0092106990584959
2024,SYNE3,INDUSTRIALS,0.1565762004175364
2024,TASA3,INDUSTRIALS,-0.4131016042780755
2024,TASA4,INDUSTRIALS,-0.457236842105262
2024,TCSA3,INDUSTRIALS,-0.6890547263681586
2024,TEND3,INDUSTRIALS,-0.1611598111935258
2024,TGMA3,INDUSTRIALS,0.0120183810533758
2024,TPIS3,INDUSTRIALS,0.2261904761904771
2024,TRIS3,INDUSTRIALS,-0.2396551724137934
2024,UCAS3,INDUSTRIALS,-0.2775665399239553
2024,VAMO3,INDUSTRIALS,-0.5283018867924519
2024,VIVR3,INDUSTRIALS,-0.7726396917148359
2024,WEGE3,INDUSTRIALS,0.4296938499051732
2024,WHRL3,INDUSTRIALS,-0.1272727272727274
2024,WHRL4,INDUSTRIALS,-0.0885529157667374
2024,WLMM3,INDUSTRIALS,0.260263674405834
2024,WLMM4,INDUSTRIALS,-0.0224828934506353
2024,BALM3,MATERIALS,0.3490894827961872
2024,BALM4,MATERIALS,-0.0916734820050622
2024,BRAP3,MATERIALS,-0.325053533190579
2024,BRAP4,MATERIALS,-0.3538581449727207
2024,BRKM3,MATERIALS,-0.4421392346703559
2024,BRKM5,MATERIALS,-0.4702653247941446
2024,BRKM6,MATERIALS,-0.5739128181712663
2024,CBAV3,MATERIALS,-0.0803921568627451
2024,CRPG5,MATERIALS,-0.470338983050848
2024,CRPG6,MATERIALS,-0.4435089625203696
2024,EALT3,MATERIALS,0.3789467154643018
2024,EALT4,MATERIALS,0.4458735262593769
2024,FESA3,MATERIALS,-0.2868314044416636
2024,FESA4,MATERIALS,-0.3090701166868285
2024,FHER3,MATERIALS,-0.1621621621621622
2024,GGBR3,MATERIALS,-0.2055243445692867
2024,GGBR4,MATERIALS,-0.2365319865319869
2024,GOAU3,MATERIALS,-0.0812274368231027
2024,GOAU4,MATERIALS,-0.0561694290976071
2024,HETA4,MATERIALS,-0.196584088759082
2024,KEPL3,MATERIALS,-0.1482159194876481
2024,KLBN11,MATERIALS,0.0441044104410439
2024,MGEL4,MATERIALS,-0.3992481203007522
2024,MTSA4,MATERIALS,-0.1897900370522851
2024,MWET4,MATERIALS,0.8675422138836764
2024,PATI3,MATERIALS,-0.0429846949045374
2024,PATI4,MATERIALS,0.1627934811750735
2024,PMAM3,MATERIALS,-0.7649769585253452
2024,RANI3,MATERIALS,-0.3754578754578769
2024,SHUL4,MATERIALS,-0.1744680851063821
2024,SNSY3,MATERIALS,1.1514607130564976
2024,SNSY5,MATERIALS,0.010443864229765
2024,SUZB3,MATERIALS,0.1105518605069211
2024,TKNO4,MATERIALS,0.2822662645114551
2024,TUPY3,MATERIALS,-0.178129298486931
2024,UNIP3,MATERIALS,-0.3436567694274749
2024,UNIP5,MATERIALS,-0.3506235426066706
2024,UNIP6,MATERIALS,-0.3761587674631153
2024,USIM3,MATERIALS,-0.4217391304347822
2024,USIM5,MATERIALS,-0.4273412271259412
2024,VALE3,MATERIALS,-0.2933937823834193
2024,ATMP3,TECHNOLOGY,-0.7288888888888893
2024,BMOB3,TECHNOLOGY,-0.029999999999999
2024,CASH3,TECHNOLOGY,-0.6540880503144657
2024,CLSA3,TECHNOLOGY,1.624
2024,DOTZ3,TECHNOLOGY,-0.6265822784810134
2024,ELMD3,TECHNOLOGY,0.8263090676883764
2024,LWSA3,TECHNOLOGY,-0.4475873544093178
2024,MLAS3,TECHNOLOGY,-0.4928229665071776
2024,NGRD3,TECHNOLOGY,-0.3129677419354845
2024,POSI3,TECHNOLOGY,-0.2557471264367814
2024,TOTS3,TECHNOLOGY,-0.2059958444642323
2024,TRAD3,TECHNOLOGY,7.034482758620689
2024,VLID3,TECHNOLOGY,0.1853658536585345
2024,AESB3,UTILITIES,-0.34172077922078
2024,AFLT3,UTILITIES,-0.13770394665868
2024,ALUP11,UTILITIES,-0.1615360203110118
2024,AMBP3,UTILITIES,6.999999999999993
2024,AURE3,UTILITIES,-0.3410969196093157
2024,CBEE3,UTILITIES,-0.4949403328532429
2024,CEBR3,UTILITIES,-0.0979942693409723
2024,CEBR5,UTILITIES,-0.0226415094339624
2024,CEBR6,UTILITIES,-0.0353932584269659
2024,CEEB3,UTILITIES,-0.0515970515970511
2024,CGAS3,UTILITIES,-0.1328624449965986
2024,CGAS5,UTILITIES,-0.035137090938328
2024,CLSC3,UTILITIES,0.4271104436284725
2024,CLSC4,UTILITIES,0.2318286151491979
2024,CMIG3,UTILITIES,-0.0330469266358219
2024,CMIG4,UTILITIES,-0.0322299651567938
2024,COCE3,UTILITIES,-0.2533481511395764
2024,COCE5,UTILITIES,-0.4200460829493081
2024,CPFE3,UTILITIES,-0.1796935860815379
2024,CPLE3,UTILITIES,-0.1317175974710227
2024,CPLE5,UTILITIES,-0.4913801591672977
2024,CPLE6,UTILITIES,-0.1167953667953638
2024,CSMG3,UTILITIES,0.0166015624999997
2024,EGIE3,UTILITIES,-0.2168541804544446
2024,EKTR4,UTILITIES,0.2894736842105263
2024,ELET3,UTILITIES,-0.195616309215179
2024,ELET6,UTILITIES,-0.1945508727117916
2024,EMAE4,UTILITIES,-0.2881355932203393
2024,ENEV3,UTILITIES,-0.2263041880969881
2024,ENGI11,UTILITIES,-0.3223109790079885
2024,ENGI3,UTILITIES,-0.4057112068965518
2024,ENGI4,UTILITIES,-0.2544843049327361
2024,ENMT3,UTILITIES,0.230525114449446
2024,ENMT4,UTILITIES,0.036672221749066
2024,EQMA3B,UTILITIES,-0.1514843619108357
2024,EQTL3,UTILITIES,-0.2329227323628213
2024,GEPA3,UTILITIES,0.0791210252583605
2024,GEPA4,UTILITIES,0.1398467432950201
2024,ISAE3,UTILITIES,-0.00619295958279
2024,ISAE4,UTILITIES,-0.0440382218529289
2024,LIGT3,UTILITIES,-0.4924999999999992
2024,LIPR3,UTILITIES,-0.1969919064210898
2024,NEOE3,UTILITIES,-0.1138706654170584
2024,ORVR3,UTILITIES,-0.0209518882565951
2024,REDE3,UTILITIES,-0.0483383685800596
2024,RNEW11,UTILITIES,-0.211229946524063
2024,RNEW3,UTILITIES,-0.2419354838709668
2024,RNEW4,UTILITIES,-0.2790697674418615
2024,SAPR11,UTILITIES,-0.047961630695444
2024,SAPR3,UTILITIES,-0.0124777183600713
2024,SAPR4,UTILITIES,-0.0458404074702872
2024,SBSP3,UTILITIES,0.1742072442616418
2024,SRNA3,UTILITIES,-0.4613124387855032
2024,TAEE11,UTILITIES,-0.1438249088066699
2024,TAEE3,UTILITIES,-0.1476562500000005
2024,TAEE4,UTILITIES,-0.1371784879189402
2025,BRST3,COMMUNICATION,0.3139534883720942
2025,DESK3,COMMUNICATION,0.6338432122370927
2025,DTCY3,COMMUNICATION,-0.1851736310231263
2025,FIQE3,COMMUNICATION,0.417142857142855
2025,OIBR3,COMMUNICATION,-0.9365671641791046
2025,OIBR4,COMMUNICATION,-0.7724750277469477
2025,PDTC3,COMMUNICATION,0.0317460317460323
2025,TELB3,COMMUNICATION,-0.1484375000000003
2025,TELB4,COMMUNICATION,0.0945205479452055
2025,TIMS3,COMMUNICATION,0.4737569060773472
2025,VIVT3,COMMUNICATION,-0.2922813769510363
2025,ABEV3,CONSUMER,0.1805792163543462
2025,AGRO3,CONSUMER,-0.0985533453887881
2025,AGXY3,CONSUMER,-0.534177395407489
2025,AHEB3,CONSUMER,-0.3594815418563506
2025,ALLD3,CONSUMER,0.191240875912412
2025,ALOS3,CONSUMER,0.5665378244064045
2025,ALPA3,CONSUMER,0.7896551724137908
2025,ALPA4,CONSUMER,0.8773584905660419
2025,AMER3,CONSUMER,-0.1725806451612906
2025,ANIM3,CONSUMER,1.09493670886076
2025,ASAI3,CONSUMER,0.2930728241563054
2025,ATED3,CONSUMER,0.4604316546762592
2025,AZZA3,CONSUMER,-0.1494252873563228
2025,BAUH4,CONSUMER,0.1481751975087499
2025,BEEF3,CONSUMER,0.1316306483300577
2025,BHIA3,CONSUMER,0.0899653979238768
2025,BIED3,CONSUMER,-0.0487238979118324
2025,BMKS3,CONSUMER,0.2043343653250791
2025,BRFS3,CONSUMER,-0.2921924290220823
2025,CAMB3,CONSUMER,-0.0495710200190661
2025,CAML3,CONSUMER,-0.0598290598290605
2025,CEAB3,CONSUMER,0.5850931677018607
2025,CEDO3,CONSUMER,-0.0738641917763591
2025,CEDO4,CONSUMER,-0.5581794761700294
2025,CGRA3,CONSUMER,0.107505863956218
2025,CGRA4,CONSUMER,0.0216802168021679
2025,COGN3,CONSUMER,1.89908256880734
2025,CSAN3,CONSUMER,-0.348039215686275
2025,CSED3,CONSUMER,0.9437499999999972
2025,CTKA3,CONSUMER,1.654836006399556
2025,CTKA4,CONSUMER,0.7593607305936056
2025,CTSA3,CONSUMER,-0.6312789253455056
2025,CTSA4,CONSUMER,-0.3531250000000003
2025,CVCB3,CONSUMER,0.5652173913043477
2025,DMVF3,CONSUMER,0.1219512195121952
2025,DOHL3,CONSUMER,-0.2546010928961748
2025,DOHL4,CONSUMER,-0.0862068965517227
2025,ENJU3,CONSUMER,0.0190476190476205
2025,ESTR4,CONSUMER,0.4486640147775353
2025,FICT3,CONSUMER,-0.2296296296296285
2025,GMAT3,CONSUMER,-0.294209702660406
2025,GRND3,CONSUMER,-0.057377049180329
2025,GSHP3,CONSUMER,-0.333333333333333
2025,GUAR3,CONSUMER,0.4329563812600983
2025,HOOT4,CONSUMER,1.5982905982905975
2025,IFCM3,CONSUMER,-0.9466041383849604
2025,IGTI11,CONSUMER,0.4806022003474242
2025,IGTI3,CONSUMER,0.4545454545454521
2025,IGTI4,CONSUMER,0.1334470251860364
2025,INTB3,CONSUMER,-0.0915492957746482
2025,JALL3,CONSUMER,-0.4030172413793095
2025,JBSS3,CONSUMER,0.0752066115702478
2025,JOPA3,CONSUMER,0.150416741988167
2025,LAND3,CONSUMER,-0.4025604551920335
2025,LJQQ3,CONSUMER,0.023148148148147
2025,LREN3,CONSUMER,0.1097359735973599
2025,MDIA3,CONSUMER,0.1950124688279302
2025,MEAL3,CONSUMER,0.3092783505154619
2025,MGLU3,CONSUMER,0.3753846153846156
2025,MNDL3,CONSUMER,-0.0571596935769014
2025,MNPR3,CONSUMER,-0.7849462365591393
2025,NUTR3,CONSUMER,-0.3290816326530618
2025,OFSA3,CONSUMER,0.1886304909560703
2025,PCAR3,CONSUMER,0.4901960784313748
2025,PETZ3,CONSUMER,0.0663390663390641
2025,PFRM3,CONSUMER,0.4067796610169512
2025,PGMN3,CONSUMER,0.9272151898734158
2025,PNVL3,CONSUMER,0.3625000000000022
2025,PTNT3,CONSUMER,0.089356034898635
2025,PTNT4,CONSUMER,-0.2416666666666674
2025,RADL3,CONSUMER,0.0659090909090915
2025,RAIZ4,CONSUMER,-0.6250000000000007
2025,RVEE3,CONSUMER,-0.951702867144524
2025,SBFG3,CONSUMER,0.2089552238805994
2025,SEER3,CONSUMER,1.18222222222222
2025,SHOW3,CONSUMER,-0.1277734549998816
2025,SLCE3,CONSUMER,-0.0828571428571423
2025,SMFT3,CONSUMER,0.3738207547169832
2025,SMTO3,CONSUMER,-0.3499570077386067
2025,SOJA3,CONSUMER,-0.1307692307692326
2025,TECN3,CONSUMER,0.348457350272233
2025,TFCO4,CONSUMER,0.8355855855855858
2025,TOKY3,CONSUMER,-0.1899999999999989
2025,TTEN3,CONSUMER,0.2008733624454155
2025,TXRX4,CONSUMER,-0.4490740740740744
2025,VBBR3,CONSUMER,0.4198430493273561
2025,VITT3,CONSUMER,-0.1481481481481494
2025,VIVA3,CONSUMER,0.7267532467532447
2025,VSTE3,CONSUMER,-0.4935897435897434
2025,VTRU3,CONSUMER,1.3068181818181848
2025,VULC3,CONSUMER,0.2910495814552478
2025,VVEO3,CONSUMER,-0.3073170731707322
2025,WEST3,CONSUMER,0.1010121457489876
2025,YDUQ3,CONSUMER,0.4233918128654987
2025,ZAMP3,CONSUMER,0.5486725663716796
2025,AZTE3,ENERGY,-0.53932584269663
2025,BRAV3,ENERGY,-0.2840136054421762
2025,OPCT3,ENERGY,0.597353497164457
2025,PETR3,ENERGY,-0.1735600101497093
2025,PETR4,ENERGY,-0.1483835313622551
2025,PRIO3,ENERGY,0.031631382316313
2025,RECV3,ENERGY,-0.3016656384947559
2025,RPMG3,ENERGY,-0.2267657992565056
2025,UGPA3,ENERGY,0.3161209068010053
2025,ABCB4,FINANCIALS,0.2273433454168834
2025,ADMF3,FINANCIALS,1.1129115287439395
2025,ARND3,FINANCIALS,-0.4113924050632911
2025,BAZA3,FINANCIALS,-0.0949389179755672
2025,BBAS3,FINANCIALS,-0.0930906081919732
2025,BBDC3,FINANCIALS,0.4661654135338346
2025,BBDC4,FINANCIALS,0.5735294117647032
2025,BBSE3,FINANCIALS,-0.0008291873963537
2025,BEES3,FINANCIALS,-0.0469483568075116
2025,BEES4,FINANCIALS,-0.0632183908045969
2025,BGIP3,FINANCIALS,0.2460701219309846
2025,BGIP4,FINANCIALS,0.4545833333333351
2025,BMEB3,FINANCIALS,1.1979759645793773
2025,BMEB4,FINANCIALS,0.9148148148148184
2025,BMGB4,FINANCIALS,0.3270777479892766
2025,BMIN3,FINANCIALS,-0.046752119774123
2025,BMIN4,FINANCIALS,0.033755524183783
2025,BNBR3,FINANCIALS,0.040622683205542
2025,BPAN4,FINANCIALS,0.7854889589905341
2025,BRBI11,FINANCIALS,0.5220700152206998
2025,BRSR3,FINANCIALS,0.4420600858369077
2025,BRSR5,FINANCIALS,0.0784846223163093
2025,BRSR6,FINANCIALS,0.4941176470588242
2025,BSLI3,FINANCIALS,-0.141604010025062
2025,BSLI4,FINANCIALS,-0.1243842364532029
2025,CXSE3,FINANCIALS,0.166315789473687
2025,HBTS5,FINANCIALS,0.2135810588420841
2025,IRBR3,FINANCIALS,0.2650176678445251
2025,ITSA3,FINANCIALS,0.3337041156840956
2025,ITSA4,FINANCIALS,0.3227633069082669
2025,ITUB3,FINANCIALS,0.3513011152416372
2025,ITUB4,FINANCIALS,0.2766026684022145
2025,MERC4,FINANCIALS,-0.0743694792425094
2025,PINE3,FINANCIALS,1.6956521739130437
2025,PINE4,FINANCIALS,2.015695067264568
2025,PSSA3,FINANCIALS,0.32311901504788
2025,QUAL3,FINANCIALS,0.5000000000000002
2025,RPAD3,FINANCIALS,-0.2819093256222247
2025,RPAD5,FINANCIALS,0.410804036447167
2025,RPAD6,FINANCIALS,-0.0324989849718836
2025,SANB11,FINANCIALS,0.4298908480268668
2025,WIZC3,FINANCIALS,0.6014362657091565
2025,AALR3,HEALTHCARE,-0.4093567251461986
2025,BIOM3,HEALTHCARE,-0.322701688555348
2025,BLAU3,HEALTHCARE,0.0684410646387825
2025,BOBR4,HEALTHCARE,-0.3457446808510648
2025,DASA3,HEALTHCARE,1.389473684210527
2025,ESPA3,HEALTHCARE,0.4054054054054046
2025,FLRY3,HEALTHCARE,0.242750621375313
2025,HAPV3,HEALTHCARE,-0.5531313167631654
2025,HYPE3,HEALTHCARE,0.302377003869543
2025,MATD3,HEALTHCARE,0.4450549450549437
2025,NATU3,HEALTHCARE,-0.2688910696761543
2025,NTCO3,HEALTHCARE,-0.1536050156739805
2025,ODPV3,HEALTHCARE,0.0313075506445683
2025,ONCO3,HEALTHCARE,0.1581196581196575
2025,RDOR3,HEALTHCARE,0.5975609756097542
2025,AERI3,INDUSTRIALS,-0.4203152364273208
2025,ALPK3,INDUSTRIALS,1.1764705882352913
2025,AMOB3,INDUSTRIALS,-0.3451389497676873
2025,ARML3,INDUSTRIALS,-0.109343936381711
2025,AVLL3,INDUSTRIALS,-0.6617647058823534
2025,AZEV3,INDUSTRIALS,-0.7340425531914898
2025,AZEV4,INDUSTRIALS,-0.776595744680851
2025,AZUL4,INDUSTRIALS,-0.7090395480225987
2025,BDLL3,INDUSTRIALS,0.2881185636178003
2025,BDLL4,INDUSTRIALS,-0.1448285345578045
2025,CALI3,INDUSTRIALS,-0.2934782608695652
2025,CCTY3,INDUSTRIALS,43.39388658689282
2025,CURY3,INDUSTRIALS,0.8459335624284099
2025,CYRE3,INDUSTRIALS,0.7474926253687348
2025,DIRR3,INDUSTRIALS,0.5963757522934265
2025,DXCO3,INDUSTRIALS,-0.1610738255033567
2025,ECOR3,INDUSTRIALS,1.499999999999997
2025,EMBJ3,INDUSTRIALS,0.0152400595851949
2025,ETER3,INDUSTRIALS,-0.1929133858267734
2025,EUCA3,INDUSTRIALS,0.2477928193054739
2025,EUCA4,INDUSTRIALS,0.3639626704953345
2025,EVEN3,INDUSTRIALS,0.4514925373134328
2025,EZTC3,INDUSTRIALS,0.2677746999076642
2025,FIEI3,INDUSTRIALS,0.7378938812184794
2025,FRAS3,INDUSTRIALS,0.1780487804878054
2025,FRIO3,INDUSTRIALS,0.0224194365188432
2025,GFSA3,INDUSTRIALS,-0.7499095240967488
2025,GOLL54,INDUSTRIALS,-0.9812549479477898
2025,HBOR3,INDUSTRIALS,0.8115942028985521
2025,HBRE3,INDUSTRIALS,0.5469798657718101
2025,HBSA3,INDUSTRIALS,0.3345454545454542
2025,INEP3,INDUSTRIALS,-0.1549295774647889
2025,JFEN3,INDUSTRIALS,-0.5657894736842113
2025,JHSF3,INDUSTRIALS,1.1666666666666687
2025,JSLG3,INDUSTRIALS,0.1219963031423292
2025,LAVV3,INDUSTRIALS,1.133511348464617
2025,LEVE3,INDUSTRIALS,0.242170429715949
2025,LOGG3,INDUSTRIALS,0.3436979455857869
2025,LOGN3,INDUSTRIALS,0.6307915057915099
2025,LPSB3,INDUSTRIALS,0.1599999999999999
2025,LUPA3,INDUSTRIALS,-0.152542372881355
2025,MDNE3,INDUSTRIALS,1.541666666666663
2025,MELK3,INDUSTRIALS,0.0704225352112659
2025,MILS3,INDUSTRIALS,0.63360560093349
2025,MOTV3,INDUSTRIALS,0.0772532188841179
2025,MOVI3,INDUSTRIALS,1.7570621468926566
2025,MRVE3,INDUSTRIALS,0.4670433145009438
2025,MTRE3,INDUSTRIALS,0.2827586206896537
2025,MULT3,INDUSTRIALS,0.2926944971537
2025,MYPK3,INDUSTRIALS,-0.1054964539007091
2025,NEXP3,INDUSTRIALS,-0.2273901808785535
2025,PDGR3,INDUSTRIALS,1.4440576040512738
2025,PLPL3,INDUSTRIALS,0.4940021810250836
2025,POMO3,INDUSTRIALS,0.0195381882770868
2025,POMO4,INDUSTRIALS,-0.1910569105691069
2025,PORT3,INDUSTRIALS,0.15021459227468
2025,PRNR3,INDUSTRIALS,0.1864280387770329
2025,PTBL3,INDUSTRIALS,-0.1393442622950825
2025,RAIL3,INDUSTRIALS,-0.1726457399103144
2025,RAPT3,INDUSTRIALS,-0.2883211678832128
2025,RAPT4,INDUSTRIALS,-0.4292929292929293
2025,RCSL3,INDUSTRIALS,-0.6343749999999999
2025,RCSL4,INDUSTRIALS,5.330188679245273
2025,RDNI3,INDUSTRIALS,0.04390243902439
2025,RENT3,INDUSTRIALS,0.3531055900621149
2025,ROMI3,INDUSTRIALS,-0.049763033175357
2025,RSID3,INDUSTRIALS,-0.3964285714285698
2025,RSUL4,INDUSTRIALS,0.2704128023276964
2025,SEQL3,INDUSTRIALS,-0.8828241411013767
2025,SIMH3,INDUSTRIALS,0.4786324786324776
2025,SOND5,INDUSTRIALS,1.014550767588403
2025,SOND6,INDUSTRIALS,0.9426310153976404
2025,SYNE3,INDUSTRIALS,-0.0884476534296027
2025,TASA3,INDUSTRIALS,-0.4236902050113892
2025,TASA4,INDUSTRIALS,-0.4339393939393949
2025,TCSA3,INDUSTRIALS,-0.0959999999999986
2025,TEND3,INDUSTRIALS,0.9742765273311887
2025,TGMA3,INDUSTRIALS,0.2920013971358701
2025,TPIS3,INDUSTRIALS,0.0427184466019403
2025,TRIS3,INDUSTRIALS,0.4195011337868464
2025,UCAS3,INDUSTRIALS,-0.2578947368421067
2025,VAMO3,INDUSTRIALS,-0.3199999999999996
2025,VIVR3,INDUSTRIALS,-0.4745762711864404
2025,WEGE3,INDUSTRIALS,-0.0807276861853314
2025,WHRL3,INDUSTRIALS,0.1406250000000004
2025,WHRL4,INDUSTRIALS,0.1018957345971556
2025,WLMM3,INDUSTRIALS,-0.2618506074265357
2025,WLMM4,INDUSTRIALS,-0.3333333333333323
2025,BALM3,MATERIALS,0.8853140627510565
2025,BALM4,MATERIALS,0.6628755980861247
2025,BRAP3,MATERIALS,0.1326142131979735
2025,BRAP4,MATERIALS,0.2002412545235248
2025,BRKM3,MATERIALS,-0.3314049586776865
2025,BRKM5,MATERIALS,-0.3186528497409335
2025,BRKM6,MATERIALS,0.6052425282598999
2025,CBAV3,MATERIALS,0.530916844349681
2025,CRPG5,MATERIALS,-0.1004999999999995
2025,CRPG6,MATERIALS,0.4246273706037975
2025,EALT3,MATERIALS,0.0740740740740741
2025,EALT4,MATERIALS,0.0044477390659771
2025,FESA3,MATERIALS,-0.0883935951913758
2025,FESA4,MATERIALS,-0.1538461538461537
2025,FHER3,MATERIALS,-0.316129032258065
2025,GGBR3,MATERIALS,0.0294637595757234
2025,GGBR4,MATERIALS,0.124035281146638
2025,GOAU3,MATERIALS,-0.1424361493123758
2025,GOAU4,MATERIALS,-0.1219512195121943
2025,HETA4,MATERIALS,-0.0237847398344068
2025,KEPL3,MATERIALS,0.0569280343716429
2025,KLBN11,MATERIALS,-0.191379310344827
2025,MGEL4,MATERIALS,-0.2490613266583227
2025,MTSA4,MATERIALS,0.2512703252032542
2025,MWET3,MATERIALS,0.0342084327764518
2025,MWET4,MATERIALS,-0.2774903161898078
2025,PATI3,MATERIALS,-0.2178438120346657
2025,PATI4,MATERIALS,0.3605451875089918
2025,PMAM3,MATERIALS,-0.3333333333333336
2025,RANI3,MATERIALS,0.2727272727272734
2025,SHUL4,MATERIALS,-0.1323024054982819
2025,SNSY3,MATERIALS,0.2577003290269588
2025,SNSY5,MATERIALS,-0.214470284237726
2025,SUZB3,MATERIALS,-0.1672062156037557
2025,TKNO4,MATERIALS,2.282748427349484
2025,TUPY3,MATERIALS,-0.4857740585774058
2025,UNIP3,MATERIALS,0.2528138528138532
2025,UNIP5,MATERIALS,0.3891549824102507
2025,UNIP6,MATERIALS,0.2124319799079104
2025,USIM3,MATERIALS,0.1203007518796996
2025,USIM5,MATERIALS,0.1184210526315765
2025,VALE3,MATERIALS,0.3191567369385868
2025,ATMP3,TECHNOLOGY,0.024590163934423
2025,BMOB3,TECHNOLOGY,0.6723122238586166
2025,CASH3,TECHNOLOGY,0.4181818181818195
2025,CLSA3,TECHNOLOGY,0.0680894308943085
2025,DOTZ3,TECHNOLOGY,0.1864406779661023
2025,ELMD3,TECHNOLOGY,0.0839160839160835
2025,LWSA3,TECHNOLOGY,0.2831325301204792
2025,MLAS3,TECHNOLOGY,0.2830188679245295
2025,NGRD3,TECHNOLOGY,0.1982721382289392
2025,POSI3,TECHNOLOGY,-0.2277992277992283
2025,TOTS3,TECHNOLOGY,0.5730841121495334
2025,TRAD3,TECHNOLOGY,-0.4220314735336183
2025,VLID3,TECHNOLOGY,-0.119341563786009
2025,AFLT3,UTILITIES,-0.0610572640247126
2025,ALUP11,UTILITIES,0.2017411052233151
2025,AMBP3,UTILITIES,-0.9979230769230768
2025,AURE3,UTILITIES,0.3534777651083214
2025,CBEE3,UTILITIES,-0.3379695822127513
2025,CEBR3,UTILITIES,0.7020330368487908
2025,CEBR5,UTILITIES,0.6660231660231655
2025,CEBR6,UTILITIES,0.6965637740244606
2025,CEEB3,UTILITIES,0.1774611398963717
2025,CEEB5,UTILITIES,0.1305853445527598
2025,CEED3,UTILITIES,-0.0541863430606109
2025,CGAS3,UTILITIES,-0.1004695265220396
2025,CGAS5,UTILITIES,0.0835833333333335
2025,CLSC3,UTILITIES,0.4307356614283413
2025,CLSC4,UTILITIES,0.5590062111801242
2025,CMIG3,UTILITIES,0.0047846889952136
2025,CMIG4,UTILITIES,0.0081008100810087
2025,COCE3,UTILITIES,0.3942594712112788
2025,COCE5,UTILITIES,0.3504171632896293
2025,CPFE3,UTILITIES,0.6869262424817955
2025,CPLE3,UTILITIES,0.5873786407766979
2025,CPLE5,UTILITIES,0.2640976548864466
2025,CPLE6,UTILITIES,0.5584699453551922
2025,CSMG3,UTILITIES,1.1095100864553298
2025,EGIE3,UTILITIES,-0.1163380281690138
2025,EKTR3,UTILITIES,-0.0027987063777419
2025,EKTR4,UTILITIES,-0.2161224489795918
2025,ELET3,UTILITIES,0.7193085262232635
2025,ELET6,UTILITIES,0.6368921775898533
2025,EMAE4,UTILITIES,0.0640476190476175
2025,ENEV3,UTILITIES,0.9164292497625826
2025,ENGI11,UTILITIES,0.2927631578947374
2025,ENGI3,UTILITIES,0.1196736174070725
2025,ENGI4,UTILITIES,0.3052631578947367
2025,ENMT3,UTILITIES,-0.2016152746752213
2025,ENMT4,UTILITIES,-0.2905780075187966
2025,EQMA3B,UTILITIES,0.3884112429625608
2025,EQTL3,UTILITIES,0.4051094890510938
2025,GEPA3,UTILITIES,-0.0482385571312846
2025,GEPA4,UTILITIES,0.0756302521008411
2025,GPAR3,UTILITIES,-0.2097936943135174
2025,ISAE3,UTILITIES,0.1151197113807822
2025,ISAE4,UTILITIES,0.1968709256844854
2025,LIGT3,UTILITIES,0.1650246305418705
2025,NEOE3,UTILITIES,0.712321523003703
2025,ORVR3,UTILITIES,0.8472919418758253
2025,REDE3,UTILITIES,-0.0079365079365091
2025,RNEW11,UTILITIES,0.0949152542372875
2025,RNEW3,UTILITIES,-1.5543122344752197e-15
2025,RNEW4,UTILITIES,-0.043010752688171
2025,SAPR11,UTILITIES,0.4458438287153612
2025,SAPR3,UTILITIES,0.6245487364620945
2025,SAPR4,UTILITIES,0.3932384341637007
2025,SBSP3,UTILITIES,0.5072316384180797
2025,SRNA3,UTILITIES,1.2945454545454518
2025,TAEE11,UTILITIES,0.2814972611077311
2025,TAEE3,UTILITIES,0.274060494958755
2025,TAEE4,UTILITIES,0.2719060523938563
